"","Sero1","Sero2","shared_mlst"
"1","1","10A",1
"2","1","10B",0
"3","1","10C",1
"4","1","10F",0
"5","1","11A",1
"6","1","11B",1
"7","1","11C",0
"8","1","11D",0
"9","1","11E",0
"10","1","11F",0
"11","1","12A",0
"12","1","12B",0
"13","1","12F",0
"14","1","13",0
"15","1","14",7
"16","1","15A",1
"17","1","15B/C",5
"18","1","15F",0
"19","1","16A",0
"20","1","16F",1
"21","1","17A",0
"22","1","17F",1
"23","1","18A",0
"24","1","18B",0
"25","1","18C",2
"26","1","18F",0
"27","1","19A",5
"28","1","19B",0
"29","1","19C",0
"30","1","19F",12
"31","1","19А",0
"32","1","2",0
"33","1","20A",0
"34","1","20B",0
"35","1","21",1
"36","1","22A",1
"37","1","22F",0
"38","1","23A",4
"39","1","23B",2
"40","1","23F",6
"41","1","24A",0
"42","1","24B",0
"43","1","24F",1
"44","1","25A",0
"45","1","25F",0
"46","1","27",0
"47","1","28A",0
"48","1","28F",0
"49","1","29",0
"50","1","3",5
"51","1","31",0
"52","1","32A",0
"53","1","32F",0
"54","1","33A",0
"55","1","33B",0
"56","1","33C",0
"57","1","33D",0
"58","1","33F",0
"59","1","34",0
"60","1","35A",0
"61","1","35B",2
"62","1","35C",0
"63","1","35F",0
"64","1","36",0
"65","1","37",0
"66","1","38",3
"67","1","39",0
"68","1","4",5
"69","1","40",0
"70","1","41A",0
"71","1","41F",0
"72","1","42",1
"73","1","43",0
"74","1","44",0
"75","1","45",0
"76","1","46",0
"77","1","47A",0
"78","1","47F",0
"79","1","48",0
"80","1","5",2
"81","1","6A",5
"82","1","6B",8
"83","1","6C/D",1
"84","1","6E",0
"85","1","6F",0
"86","1","6G",0
"87","1","7A",0
"88","1","7B/C",0
"89","1","7F",2
"90","1","8",0
"91","1","9A",0
"92","1","9L",0
"93","1","9N",0
"94","1","9V",3
"95","10A","10B",7
"96","10A","10C",1
"97","10A","10F",3
"98","10A","11A",1
"99","10A","11B",0
"100","10A","11C",0
"101","10A","11D",1
"102","10A","11E",1
"103","10A","11F",0
"104","10A","12A",0
"105","10A","12B",0
"106","10A","12F",0
"107","10A","13",0
"108","10A","14",0
"109","10A","15A",2
"110","10A","15B/C",1
"111","10A","15F",0
"112","10A","16A",0
"113","10A","16F",0
"114","10A","17A",0
"115","10A","17F",0
"116","10A","18A",0
"117","10A","18B",0
"118","10A","18C",0
"119","10A","18F",0
"120","10A","19A",4
"121","10A","19B",0
"122","10A","19C",0
"123","10A","19F",3
"124","10A","19А",0
"125","10A","2",0
"126","10A","20A",0
"127","10A","20B",0
"128","10A","21",0
"129","10A","22A",0
"130","10A","22F",1
"131","10A","23A",1
"132","10A","23B",1
"133","10A","23F",3
"134","10A","24A",0
"135","10A","24B",0
"136","10A","24F",0
"137","10A","25A",0
"138","10A","25F",0
"139","10A","27",0
"140","10A","28A",0
"141","10A","28F",0
"142","10A","29",0
"143","10A","3",2
"144","10A","31",0
"145","10A","32A",0
"146","10A","32F",0
"147","10A","33A",0
"148","10A","33B",0
"149","10A","33C",0
"150","10A","33D",0
"151","10A","33F",0
"152","10A","34",0
"153","10A","35A",0
"154","10A","35B",0
"155","10A","35C",0
"156","10A","35F",0
"157","10A","36",0
"158","10A","37",0
"159","10A","38",0
"160","10A","39",0
"161","10A","4",0
"162","10A","40",0
"163","10A","41A",0
"164","10A","41F",0
"165","10A","42",0
"166","10A","43",0
"167","10A","44",0
"168","10A","45",0
"169","10A","46",0
"170","10A","47A",0
"171","10A","47F",0
"172","10A","48",0
"173","10A","5",0
"174","10A","6A",4
"175","10A","6B",3
"176","10A","6C/D",2
"177","10A","6E",0
"178","10A","6F",0
"179","10A","6G",0
"180","10A","7A",0
"181","10A","7B/C",0
"182","10A","7F",1
"183","10A","8",0
"184","10A","9A",1
"185","10A","9L",0
"186","10A","9N",0
"187","10A","9V",1
"188","10B","10C",0
"189","10B","10F",2
"190","10B","11A",0
"191","10B","11B",0
"192","10B","11C",0
"193","10B","11D",0
"194","10B","11E",0
"195","10B","11F",0
"196","10B","12A",0
"197","10B","12B",0
"198","10B","12F",0
"199","10B","13",0
"200","10B","14",0
"201","10B","15A",1
"202","10B","15B/C",1
"203","10B","15F",0
"204","10B","16A",0
"205","10B","16F",0
"206","10B","17A",0
"207","10B","17F",0
"208","10B","18A",0
"209","10B","18B",0
"210","10B","18C",0
"211","10B","18F",0
"212","10B","19A",0
"213","10B","19B",0
"214","10B","19C",0
"215","10B","19F",1
"216","10B","19А",0
"217","10B","2",0
"218","10B","20A",0
"219","10B","20B",0
"220","10B","21",0
"221","10B","22A",0
"222","10B","22F",1
"223","10B","23A",0
"224","10B","23B",0
"225","10B","23F",1
"226","10B","24A",0
"227","10B","24B",0
"228","10B","24F",0
"229","10B","25A",0
"230","10B","25F",0
"231","10B","27",0
"232","10B","28A",0
"233","10B","28F",0
"234","10B","29",0
"235","10B","3",0
"236","10B","31",0
"237","10B","32A",0
"238","10B","32F",0
"239","10B","33A",0
"240","10B","33B",0
"241","10B","33C",0
"242","10B","33D",0
"243","10B","33F",0
"244","10B","34",0
"245","10B","35A",0
"246","10B","35B",0
"247","10B","35C",0
"248","10B","35F",0
"249","10B","36",0
"250","10B","37",0
"251","10B","38",0
"252","10B","39",0
"253","10B","4",0
"254","10B","40",0
"255","10B","41A",0
"256","10B","41F",0
"257","10B","42",0
"258","10B","43",0
"259","10B","44",0
"260","10B","45",0
"261","10B","46",0
"262","10B","47A",0
"263","10B","47F",0
"264","10B","48",0
"265","10B","5",0
"266","10B","6A",1
"267","10B","6B",1
"268","10B","6C/D",1
"269","10B","6E",0
"270","10B","6F",0
"271","10B","6G",0
"272","10B","7A",0
"273","10B","7B/C",0
"274","10B","7F",1
"275","10B","8",0
"276","10B","9A",0
"277","10B","9L",0
"278","10B","9N",0
"279","10B","9V",0
"280","10C","10F",0
"281","10C","11A",0
"282","10C","11B",0
"283","10C","11C",0
"284","10C","11D",0
"285","10C","11E",0
"286","10C","11F",0
"287","10C","12A",0
"288","10C","12B",0
"289","10C","12F",0
"290","10C","13",0
"291","10C","14",0
"292","10C","15A",0
"293","10C","15B/C",0
"294","10C","15F",0
"295","10C","16A",0
"296","10C","16F",0
"297","10C","17A",0
"298","10C","17F",0
"299","10C","18A",0
"300","10C","18B",0
"301","10C","18C",0
"302","10C","18F",0
"303","10C","19A",0
"304","10C","19B",0
"305","10C","19C",0
"306","10C","19F",1
"307","10C","19А",0
"308","10C","2",0
"309","10C","20A",0
"310","10C","20B",0
"311","10C","21",0
"312","10C","22A",0
"313","10C","22F",0
"314","10C","23A",0
"315","10C","23B",0
"316","10C","23F",0
"317","10C","24A",0
"318","10C","24B",0
"319","10C","24F",0
"320","10C","25A",0
"321","10C","25F",0
"322","10C","27",0
"323","10C","28A",0
"324","10C","28F",0
"325","10C","29",0
"326","10C","3",1
"327","10C","31",0
"328","10C","32A",0
"329","10C","32F",0
"330","10C","33A",0
"331","10C","33B",0
"332","10C","33C",0
"333","10C","33D",0
"334","10C","33F",0
"335","10C","34",0
"336","10C","35A",0
"337","10C","35B",0
"338","10C","35C",0
"339","10C","35F",0
"340","10C","36",0
"341","10C","37",0
"342","10C","38",0
"343","10C","39",0
"344","10C","4",0
"345","10C","40",0
"346","10C","41A",0
"347","10C","41F",0
"348","10C","42",0
"349","10C","43",0
"350","10C","44",0
"351","10C","45",0
"352","10C","46",0
"353","10C","47A",0
"354","10C","47F",0
"355","10C","48",0
"356","10C","5",0
"357","10C","6A",0
"358","10C","6B",0
"359","10C","6C/D",0
"360","10C","6E",0
"361","10C","6F",0
"362","10C","6G",0
"363","10C","7A",0
"364","10C","7B/C",0
"365","10C","7F",0
"366","10C","8",0
"367","10C","9A",0
"368","10C","9L",0
"369","10C","9N",0
"370","10C","9V",0
"371","10F","11A",0
"372","10F","11B",0
"373","10F","11C",0
"374","10F","11D",0
"375","10F","11E",0
"376","10F","11F",0
"377","10F","12A",0
"378","10F","12B",0
"379","10F","12F",0
"380","10F","13",0
"381","10F","14",0
"382","10F","15A",0
"383","10F","15B/C",0
"384","10F","15F",0
"385","10F","16A",0
"386","10F","16F",0
"387","10F","17A",0
"388","10F","17F",0
"389","10F","18A",0
"390","10F","18B",0
"391","10F","18C",0
"392","10F","18F",0
"393","10F","19A",0
"394","10F","19B",0
"395","10F","19C",0
"396","10F","19F",0
"397","10F","19А",0
"398","10F","2",0
"399","10F","20A",0
"400","10F","20B",0
"401","10F","21",0
"402","10F","22A",0
"403","10F","22F",0
"404","10F","23A",0
"405","10F","23B",0
"406","10F","23F",0
"407","10F","24A",0
"408","10F","24B",0
"409","10F","24F",0
"410","10F","25A",0
"411","10F","25F",0
"412","10F","27",1
"413","10F","28A",0
"414","10F","28F",0
"415","10F","29",0
"416","10F","3",1
"417","10F","31",0
"418","10F","32A",0
"419","10F","32F",0
"420","10F","33A",0
"421","10F","33B",0
"422","10F","33C",0
"423","10F","33D",0
"424","10F","33F",0
"425","10F","34",0
"426","10F","35A",0
"427","10F","35B",0
"428","10F","35C",0
"429","10F","35F",0
"430","10F","36",0
"431","10F","37",0
"432","10F","38",0
"433","10F","39",0
"434","10F","4",0
"435","10F","40",0
"436","10F","41A",0
"437","10F","41F",0
"438","10F","42",0
"439","10F","43",0
"440","10F","44",0
"441","10F","45",0
"442","10F","46",0
"443","10F","47A",0
"444","10F","47F",0
"445","10F","48",0
"446","10F","5",0
"447","10F","6A",0
"448","10F","6B",0
"449","10F","6C/D",0
"450","10F","6E",0
"451","10F","6F",0
"452","10F","6G",0
"453","10F","7A",0
"454","10F","7B/C",0
"455","10F","7F",1
"456","10F","8",0
"457","10F","9A",0
"458","10F","9L",0
"459","10F","9N",0
"460","10F","9V",0
"461","11A","11B",1
"462","11A","11C",0
"463","11A","11D",1
"464","11A","11E",1
"465","11A","11F",0
"466","11A","12A",0
"467","11A","12B",0
"468","11A","12F",1
"469","11A","13",1
"470","11A","14",5
"471","11A","15A",3
"472","11A","15B/C",4
"473","11A","15F",2
"474","11A","16A",0
"475","11A","16F",2
"476","11A","17A",0
"477","11A","17F",0
"478","11A","18A",1
"479","11A","18B",0
"480","11A","18C",2
"481","11A","18F",0
"482","11A","19A",9
"483","11A","19B",0
"484","11A","19C",0
"485","11A","19F",6
"486","11A","19А",0
"487","11A","2",0
"488","11A","20A",0
"489","11A","20B",0
"490","11A","21",0
"491","11A","22A",0
"492","11A","22F",1
"493","11A","23A",2
"494","11A","23B",2
"495","11A","23F",2
"496","11A","24A",0
"497","11A","24B",0
"498","11A","24F",0
"499","11A","25A",1
"500","11A","25F",0
"501","11A","27",0
"502","11A","28A",0
"503","11A","28F",0
"504","11A","29",0
"505","11A","3",4
"506","11A","31",1
"507","11A","32A",0
"508","11A","32F",0
"509","11A","33A",3
"510","11A","33B",1
"511","11A","33C",0
"512","11A","33D",0
"513","11A","33F",3
"514","11A","34",0
"515","11A","35A",2
"516","11A","35B",2
"517","11A","35C",0
"518","11A","35F",2
"519","11A","36",0
"520","11A","37",0
"521","11A","38",2
"522","11A","39",0
"523","11A","4",1
"524","11A","40",0
"525","11A","41A",0
"526","11A","41F",0
"527","11A","42",0
"528","11A","43",0
"529","11A","44",0
"530","11A","45",0
"531","11A","46",0
"532","11A","47A",0
"533","11A","47F",0
"534","11A","48",0
"535","11A","5",0
"536","11A","6A",2
"537","11A","6B",3
"538","11A","6C/D",1
"539","11A","6E",0
"540","11A","6F",0
"541","11A","6G",0
"542","11A","7A",0
"543","11A","7B/C",1
"544","11A","7F",2
"545","11A","8",3
"546","11A","9A",2
"547","11A","9L",0
"548","11A","9N",1
"549","11A","9V",8
"550","11B","11C",2
"551","11B","11D",0
"552","11B","11E",0
"553","11B","11F",0
"554","11B","12A",0
"555","11B","12B",0
"556","11B","12F",0
"557","11B","13",0
"558","11B","14",2
"559","11B","15A",0
"560","11B","15B/C",0
"561","11B","15F",0
"562","11B","16A",0
"563","11B","16F",0
"564","11B","17A",0
"565","11B","17F",0
"566","11B","18A",0
"567","11B","18B",0
"568","11B","18C",0
"569","11B","18F",0
"570","11B","19A",0
"571","11B","19B",0
"572","11B","19C",0
"573","11B","19F",1
"574","11B","19А",0
"575","11B","2",0
"576","11B","20A",0
"577","11B","20B",0
"578","11B","21",0
"579","11B","22A",0
"580","11B","22F",0
"581","11B","23A",0
"582","11B","23B",0
"583","11B","23F",0
"584","11B","24A",0
"585","11B","24B",0
"586","11B","24F",0
"587","11B","25A",0
"588","11B","25F",0
"589","11B","27",0
"590","11B","28A",0
"591","11B","28F",0
"592","11B","29",0
"593","11B","3",0
"594","11B","31",0
"595","11B","32A",0
"596","11B","32F",0
"597","11B","33A",0
"598","11B","33B",1
"599","11B","33C",0
"600","11B","33D",1
"601","11B","33F",0
"602","11B","34",0
"603","11B","35A",0
"604","11B","35B",0
"605","11B","35C",0
"606","11B","35F",0
"607","11B","36",0
"608","11B","37",0
"609","11B","38",0
"610","11B","39",0
"611","11B","4",1
"612","11B","40",0
"613","11B","41A",0
"614","11B","41F",0
"615","11B","42",0
"616","11B","43",0
"617","11B","44",0
"618","11B","45",0
"619","11B","46",0
"620","11B","47A",0
"621","11B","47F",0
"622","11B","48",0
"623","11B","5",0
"624","11B","6A",0
"625","11B","6B",1
"626","11B","6C/D",0
"627","11B","6E",0
"628","11B","6F",0
"629","11B","6G",0
"630","11B","7A",0
"631","11B","7B/C",0
"632","11B","7F",1
"633","11B","8",0
"634","11B","9A",0
"635","11B","9L",0
"636","11B","9N",0
"637","11B","9V",1
"638","11C","11D",0
"639","11C","11E",0
"640","11C","11F",0
"641","11C","12A",0
"642","11C","12B",0
"643","11C","12F",0
"644","11C","13",0
"645","11C","14",1
"646","11C","15A",0
"647","11C","15B/C",0
"648","11C","15F",0
"649","11C","16A",0
"650","11C","16F",0
"651","11C","17A",0
"652","11C","17F",0
"653","11C","18A",0
"654","11C","18B",0
"655","11C","18C",0
"656","11C","18F",0
"657","11C","19A",0
"658","11C","19B",0
"659","11C","19C",0
"660","11C","19F",0
"661","11C","19А",0
"662","11C","2",0
"663","11C","20A",0
"664","11C","20B",0
"665","11C","21",0
"666","11C","22A",0
"667","11C","22F",0
"668","11C","23A",0
"669","11C","23B",0
"670","11C","23F",0
"671","11C","24A",0
"672","11C","24B",0
"673","11C","24F",0
"674","11C","25A",0
"675","11C","25F",0
"676","11C","27",0
"677","11C","28A",0
"678","11C","28F",0
"679","11C","29",0
"680","11C","3",0
"681","11C","31",0
"682","11C","32A",0
"683","11C","32F",0
"684","11C","33A",0
"685","11C","33B",0
"686","11C","33C",0
"687","11C","33D",0
"688","11C","33F",0
"689","11C","34",0
"690","11C","35A",0
"691","11C","35B",0
"692","11C","35C",0
"693","11C","35F",0
"694","11C","36",0
"695","11C","37",0
"696","11C","38",0
"697","11C","39",0
"698","11C","4",0
"699","11C","40",0
"700","11C","41A",0
"701","11C","41F",0
"702","11C","42",0
"703","11C","43",0
"704","11C","44",0
"705","11C","45",0
"706","11C","46",0
"707","11C","47A",0
"708","11C","47F",0
"709","11C","48",0
"710","11C","5",0
"711","11C","6A",0
"712","11C","6B",0
"713","11C","6C/D",0
"714","11C","6E",0
"715","11C","6F",0
"716","11C","6G",0
"717","11C","7A",0
"718","11C","7B/C",1
"719","11C","7F",0
"720","11C","8",0
"721","11C","9A",0
"722","11C","9L",0
"723","11C","9N",0
"724","11C","9V",1
"725","11D","11E",1
"726","11D","11F",0
"727","11D","12A",0
"728","11D","12B",0
"729","11D","12F",0
"730","11D","13",0
"731","11D","14",0
"732","11D","15A",0
"733","11D","15B/C",0
"734","11D","15F",0
"735","11D","16A",0
"736","11D","16F",0
"737","11D","17A",0
"738","11D","17F",0
"739","11D","18A",0
"740","11D","18B",0
"741","11D","18C",0
"742","11D","18F",0
"743","11D","19A",1
"744","11D","19B",0
"745","11D","19C",0
"746","11D","19F",0
"747","11D","19А",0
"748","11D","2",0
"749","11D","20A",0
"750","11D","20B",0
"751","11D","21",0
"752","11D","22A",0
"753","11D","22F",0
"754","11D","23A",0
"755","11D","23B",1
"756","11D","23F",0
"757","11D","24A",0
"758","11D","24B",0
"759","11D","24F",0
"760","11D","25A",0
"761","11D","25F",0
"762","11D","27",0
"763","11D","28A",0
"764","11D","28F",0
"765","11D","29",0
"766","11D","3",0
"767","11D","31",0
"768","11D","32A",0
"769","11D","32F",0
"770","11D","33A",0
"771","11D","33B",0
"772","11D","33C",0
"773","11D","33D",0
"774","11D","33F",0
"775","11D","34",0
"776","11D","35A",0
"777","11D","35B",0
"778","11D","35C",0
"779","11D","35F",0
"780","11D","36",0
"781","11D","37",0
"782","11D","38",0
"783","11D","39",0
"784","11D","4",0
"785","11D","40",0
"786","11D","41A",0
"787","11D","41F",0
"788","11D","42",0
"789","11D","43",0
"790","11D","44",0
"791","11D","45",0
"792","11D","46",0
"793","11D","47A",0
"794","11D","47F",0
"795","11D","48",0
"796","11D","5",0
"797","11D","6A",0
"798","11D","6B",0
"799","11D","6C/D",0
"800","11D","6E",0
"801","11D","6F",0
"802","11D","6G",0
"803","11D","7A",0
"804","11D","7B/C",0
"805","11D","7F",0
"806","11D","8",0
"807","11D","9A",0
"808","11D","9L",0
"809","11D","9N",0
"810","11D","9V",0
"811","11E","11F",0
"812","11E","12A",0
"813","11E","12B",0
"814","11E","12F",0
"815","11E","13",0
"816","11E","14",0
"817","11E","15A",0
"818","11E","15B/C",0
"819","11E","15F",0
"820","11E","16A",0
"821","11E","16F",0
"822","11E","17A",0
"823","11E","17F",0
"824","11E","18A",0
"825","11E","18B",0
"826","11E","18C",0
"827","11E","18F",0
"828","11E","19A",1
"829","11E","19B",0
"830","11E","19C",0
"831","11E","19F",0
"832","11E","19А",0
"833","11E","2",0
"834","11E","20A",0
"835","11E","20B",0
"836","11E","21",0
"837","11E","22A",0
"838","11E","22F",0
"839","11E","23A",0
"840","11E","23B",1
"841","11E","23F",0
"842","11E","24A",0
"843","11E","24B",0
"844","11E","24F",0
"845","11E","25A",0
"846","11E","25F",0
"847","11E","27",0
"848","11E","28A",0
"849","11E","28F",0
"850","11E","29",0
"851","11E","3",0
"852","11E","31",0
"853","11E","32A",0
"854","11E","32F",0
"855","11E","33A",0
"856","11E","33B",0
"857","11E","33C",0
"858","11E","33D",0
"859","11E","33F",0
"860","11E","34",0
"861","11E","35A",0
"862","11E","35B",0
"863","11E","35C",0
"864","11E","35F",0
"865","11E","36",0
"866","11E","37",0
"867","11E","38",0
"868","11E","39",0
"869","11E","4",0
"870","11E","40",0
"871","11E","41A",0
"872","11E","41F",0
"873","11E","42",0
"874","11E","43",0
"875","11E","44",0
"876","11E","45",0
"877","11E","46",0
"878","11E","47A",0
"879","11E","47F",0
"880","11E","48",0
"881","11E","5",0
"882","11E","6A",0
"883","11E","6B",0
"884","11E","6C/D",0
"885","11E","6E",0
"886","11E","6F",0
"887","11E","6G",0
"888","11E","7A",0
"889","11E","7B/C",0
"890","11E","7F",0
"891","11E","8",0
"892","11E","9A",0
"893","11E","9L",0
"894","11E","9N",0
"895","11E","9V",0
"896","11F","12A",0
"897","11F","12B",0
"898","11F","12F",0
"899","11F","13",0
"900","11F","14",0
"901","11F","15A",0
"902","11F","15B/C",0
"903","11F","15F",0
"904","11F","16A",0
"905","11F","16F",0
"906","11F","17A",0
"907","11F","17F",0
"908","11F","18A",0
"909","11F","18B",0
"910","11F","18C",0
"911","11F","18F",0
"912","11F","19A",0
"913","11F","19B",0
"914","11F","19C",0
"915","11F","19F",0
"916","11F","19А",0
"917","11F","2",0
"918","11F","20A",0
"919","11F","20B",0
"920","11F","21",0
"921","11F","22A",0
"922","11F","22F",0
"923","11F","23A",0
"924","11F","23B",0
"925","11F","23F",0
"926","11F","24A",0
"927","11F","24B",0
"928","11F","24F",0
"929","11F","25A",0
"930","11F","25F",0
"931","11F","27",0
"932","11F","28A",0
"933","11F","28F",0
"934","11F","29",0
"935","11F","3",0
"936","11F","31",0
"937","11F","32A",0
"938","11F","32F",0
"939","11F","33A",0
"940","11F","33B",0
"941","11F","33C",0
"942","11F","33D",0
"943","11F","33F",0
"944","11F","34",0
"945","11F","35A",0
"946","11F","35B",0
"947","11F","35C",0
"948","11F","35F",0
"949","11F","36",0
"950","11F","37",0
"951","11F","38",0
"952","11F","39",0
"953","11F","4",0
"954","11F","40",0
"955","11F","41A",0
"956","11F","41F",0
"957","11F","42",0
"958","11F","43",0
"959","11F","44",0
"960","11F","45",0
"961","11F","46",0
"962","11F","47A",0
"963","11F","47F",0
"964","11F","48",0
"965","11F","5",0
"966","11F","6A",0
"967","11F","6B",0
"968","11F","6C/D",0
"969","11F","6E",0
"970","11F","6F",0
"971","11F","6G",0
"972","11F","7A",0
"973","11F","7B/C",0
"974","11F","7F",0
"975","11F","8",0
"976","11F","9A",0
"977","11F","9L",0
"978","11F","9N",0
"979","11F","9V",0
"980","12A","12B",0
"981","12A","12F",0
"982","12A","13",0
"983","12A","14",1
"984","12A","15A",0
"985","12A","15B/C",0
"986","12A","15F",0
"987","12A","16A",0
"988","12A","16F",0
"989","12A","17A",0
"990","12A","17F",0
"991","12A","18A",0
"992","12A","18B",0
"993","12A","18C",0
"994","12A","18F",0
"995","12A","19A",0
"996","12A","19B",0
"997","12A","19C",0
"998","12A","19F",0
"999","12A","19А",0
"1000","12A","2",0
"1001","12A","20A",0
"1002","12A","20B",0
"1003","12A","21",0
"1004","12A","22A",0
"1005","12A","22F",0
"1006","12A","23A",0
"1007","12A","23B",0
"1008","12A","23F",0
"1009","12A","24A",0
"1010","12A","24B",0
"1011","12A","24F",0
"1012","12A","25A",0
"1013","12A","25F",0
"1014","12A","27",0
"1015","12A","28A",0
"1016","12A","28F",0
"1017","12A","29",0
"1018","12A","3",0
"1019","12A","31",0
"1020","12A","32A",0
"1021","12A","32F",0
"1022","12A","33A",0
"1023","12A","33B",0
"1024","12A","33C",0
"1025","12A","33D",0
"1026","12A","33F",0
"1027","12A","34",0
"1028","12A","35A",0
"1029","12A","35B",0
"1030","12A","35C",0
"1031","12A","35F",0
"1032","12A","36",0
"1033","12A","37",0
"1034","12A","38",0
"1035","12A","39",0
"1036","12A","4",0
"1037","12A","40",0
"1038","12A","41A",0
"1039","12A","41F",0
"1040","12A","42",0
"1041","12A","43",0
"1042","12A","44",0
"1043","12A","45",0
"1044","12A","46",0
"1045","12A","47A",0
"1046","12A","47F",0
"1047","12A","48",0
"1048","12A","5",0
"1049","12A","6A",0
"1050","12A","6B",0
"1051","12A","6C/D",0
"1052","12A","6E",0
"1053","12A","6F",0
"1054","12A","6G",0
"1055","12A","7A",0
"1056","12A","7B/C",0
"1057","12A","7F",0
"1058","12A","8",0
"1059","12A","9A",0
"1060","12A","9L",0
"1061","12A","9N",0
"1062","12A","9V",0
"1063","12B","12F",3
"1064","12B","13",0
"1065","12B","14",0
"1066","12B","15A",0
"1067","12B","15B/C",0
"1068","12B","15F",0
"1069","12B","16A",0
"1070","12B","16F",0
"1071","12B","17A",0
"1072","12B","17F",0
"1073","12B","18A",0
"1074","12B","18B",0
"1075","12B","18C",0
"1076","12B","18F",0
"1077","12B","19A",0
"1078","12B","19B",0
"1079","12B","19C",0
"1080","12B","19F",0
"1081","12B","19А",0
"1082","12B","2",0
"1083","12B","20A",0
"1084","12B","20B",0
"1085","12B","21",0
"1086","12B","22A",0
"1087","12B","22F",0
"1088","12B","23A",0
"1089","12B","23B",0
"1090","12B","23F",0
"1091","12B","24A",0
"1092","12B","24B",0
"1093","12B","24F",0
"1094","12B","25A",0
"1095","12B","25F",0
"1096","12B","27",0
"1097","12B","28A",0
"1098","12B","28F",0
"1099","12B","29",0
"1100","12B","3",0
"1101","12B","31",0
"1102","12B","32A",0
"1103","12B","32F",0
"1104","12B","33A",0
"1105","12B","33B",0
"1106","12B","33C",0
"1107","12B","33D",0
"1108","12B","33F",0
"1109","12B","34",0
"1110","12B","35A",0
"1111","12B","35B",0
"1112","12B","35C",0
"1113","12B","35F",1
"1114","12B","36",0
"1115","12B","37",0
"1116","12B","38",1
"1117","12B","39",0
"1118","12B","4",0
"1119","12B","40",0
"1120","12B","41A",0
"1121","12B","41F",0
"1122","12B","42",0
"1123","12B","43",0
"1124","12B","44",0
"1125","12B","45",0
"1126","12B","46",1
"1127","12B","47A",0
"1128","12B","47F",0
"1129","12B","48",0
"1130","12B","5",0
"1131","12B","6A",0
"1132","12B","6B",2
"1133","12B","6C/D",0
"1134","12B","6E",0
"1135","12B","6F",0
"1136","12B","6G",0
"1137","12B","7A",0
"1138","12B","7B/C",0
"1139","12B","7F",1
"1140","12B","8",0
"1141","12B","9A",0
"1142","12B","9L",0
"1143","12B","9N",0
"1144","12B","9V",0
"1145","12F","13",0
"1146","12F","14",1
"1147","12F","15A",0
"1148","12F","15B/C",0
"1149","12F","15F",0
"1150","12F","16A",0
"1151","12F","16F",1
"1152","12F","17A",0
"1153","12F","17F",0
"1154","12F","18A",0
"1155","12F","18B",0
"1156","12F","18C",0
"1157","12F","18F",0
"1158","12F","19A",2
"1159","12F","19B",0
"1160","12F","19C",0
"1161","12F","19F",2
"1162","12F","19А",0
"1163","12F","2",0
"1164","12F","20A",0
"1165","12F","20B",0
"1166","12F","21",0
"1167","12F","22A",0
"1168","12F","22F",0
"1169","12F","23A",0
"1170","12F","23B",0
"1171","12F","23F",1
"1172","12F","24A",0
"1173","12F","24B",0
"1174","12F","24F",0
"1175","12F","25A",0
"1176","12F","25F",0
"1177","12F","27",0
"1178","12F","28A",0
"1179","12F","28F",0
"1180","12F","29",0
"1181","12F","3",2
"1182","12F","31",0
"1183","12F","32A",0
"1184","12F","32F",0
"1185","12F","33A",0
"1186","12F","33B",0
"1187","12F","33C",0
"1188","12F","33D",0
"1189","12F","33F",0
"1190","12F","34",0
"1191","12F","35A",0
"1192","12F","35B",0
"1193","12F","35C",0
"1194","12F","35F",0
"1195","12F","36",0
"1196","12F","37",0
"1197","12F","38",1
"1198","12F","39",0
"1199","12F","4",2
"1200","12F","40",0
"1201","12F","41A",0
"1202","12F","41F",0
"1203","12F","42",0
"1204","12F","43",0
"1205","12F","44",0
"1206","12F","45",0
"1207","12F","46",1
"1208","12F","47A",0
"1209","12F","47F",0
"1210","12F","48",0
"1211","12F","5",0
"1212","12F","6A",0
"1213","12F","6B",1
"1214","12F","6C/D",0
"1215","12F","6E",0
"1216","12F","6F",0
"1217","12F","6G",0
"1218","12F","7A",0
"1219","12F","7B/C",0
"1220","12F","7F",3
"1221","12F","8",0
"1222","12F","9A",0
"1223","12F","9L",1
"1224","12F","9N",1
"1225","12F","9V",2
"1226","13","14",1
"1227","13","15A",0
"1228","13","15B/C",2
"1229","13","15F",0
"1230","13","16A",0
"1231","13","16F",0
"1232","13","17A",0
"1233","13","17F",1
"1234","13","18A",0
"1235","13","18B",0
"1236","13","18C",1
"1237","13","18F",0
"1238","13","19A",2
"1239","13","19B",0
"1240","13","19C",0
"1241","13","19F",1
"1242","13","19А",0
"1243","13","2",1
"1244","13","20A",0
"1245","13","20B",0
"1246","13","21",0
"1247","13","22A",0
"1248","13","22F",0
"1249","13","23A",2
"1250","13","23B",0
"1251","13","23F",3
"1252","13","24A",0
"1253","13","24B",0
"1254","13","24F",0
"1255","13","25A",0
"1256","13","25F",0
"1257","13","27",0
"1258","13","28A",0
"1259","13","28F",0
"1260","13","29",0
"1261","13","3",0
"1262","13","31",1
"1263","13","32A",0
"1264","13","32F",0
"1265","13","33A",0
"1266","13","33B",0
"1267","13","33C",0
"1268","13","33D",0
"1269","13","33F",0
"1270","13","34",0
"1271","13","35A",0
"1272","13","35B",1
"1273","13","35C",0
"1274","13","35F",0
"1275","13","36",0
"1276","13","37",0
"1277","13","38",1
"1278","13","39",0
"1279","13","4",0
"1280","13","40",0
"1281","13","41A",0
"1282","13","41F",0
"1283","13","42",0
"1284","13","43",0
"1285","13","44",0
"1286","13","45",0
"1287","13","46",0
"1288","13","47A",0
"1289","13","47F",0
"1290","13","48",0
"1291","13","5",0
"1292","13","6A",1
"1293","13","6B",1
"1294","13","6C/D",1
"1295","13","6E",0
"1296","13","6F",0
"1297","13","6G",0
"1298","13","7A",0
"1299","13","7B/C",0
"1300","13","7F",0
"1301","13","8",0
"1302","13","9A",1
"1303","13","9L",0
"1304","13","9N",0
"1305","13","9V",2
"1306","14","15A",6
"1307","14","15B/C",6
"1308","14","15F",0
"1309","14","16A",0
"1310","14","16F",0
"1311","14","17A",0
"1312","14","17F",0
"1313","14","18A",0
"1314","14","18B",0
"1315","14","18C",4
"1316","14","18F",1
"1317","14","19A",28
"1318","14","19B",1
"1319","14","19C",1
"1320","14","19F",22
"1321","14","19А",0
"1322","14","2",0
"1323","14","20A",0
"1324","14","20B",0
"1325","14","21",1
"1326","14","22A",0
"1327","14","22F",2
"1328","14","23A",2
"1329","14","23B",3
"1330","14","23F",11
"1331","14","24A",0
"1332","14","24B",0
"1333","14","24F",4
"1334","14","25A",0
"1335","14","25F",0
"1336","14","27",0
"1337","14","28A",0
"1338","14","28F",0
"1339","14","29",0
"1340","14","3",6
"1341","14","31",2
"1342","14","32A",0
"1343","14","32F",0
"1344","14","33A",0
"1345","14","33B",0
"1346","14","33C",0
"1347","14","33D",0
"1348","14","33F",0
"1349","14","34",0
"1350","14","35A",0
"1351","14","35B",4
"1352","14","35C",0
"1353","14","35F",1
"1354","14","36",0
"1355","14","37",0
"1356","14","38",2
"1357","14","39",0
"1358","14","4",7
"1359","14","40",0
"1360","14","41A",0
"1361","14","41F",0
"1362","14","42",1
"1363","14","43",0
"1364","14","44",0
"1365","14","45",0
"1366","14","46",0
"1367","14","47A",0
"1368","14","47F",0
"1369","14","48",0
"1370","14","5",0
"1371","14","6A",8
"1372","14","6B",12
"1373","14","6C/D",3
"1374","14","6E",1
"1375","14","6F",0
"1376","14","6G",0
"1377","14","7A",1
"1378","14","7B/C",2
"1379","14","7F",4
"1380","14","8",1
"1381","14","9A",2
"1382","14","9L",2
"1383","14","9N",3
"1384","14","9V",11
"1385","15A","15B/C",15
"1386","15A","15F",4
"1387","15A","16A",0
"1388","15A","16F",0
"1389","15A","17A",0
"1390","15A","17F",1
"1391","15A","18A",0
"1392","15A","18B",0
"1393","15A","18C",1
"1394","15A","18F",0
"1395","15A","19A",13
"1396","15A","19B",1
"1397","15A","19C",0
"1398","15A","19F",10
"1399","15A","19А",0
"1400","15A","2",0
"1401","15A","20A",0
"1402","15A","20B",0
"1403","15A","21",2
"1404","15A","22A",0
"1405","15A","22F",0
"1406","15A","23A",4
"1407","15A","23B",2
"1408","15A","23F",5
"1409","15A","24A",0
"1410","15A","24B",0
"1411","15A","24F",0
"1412","15A","25A",0
"1413","15A","25F",0
"1414","15A","27",0
"1415","15A","28A",0
"1416","15A","28F",0
"1417","15A","29",0
"1418","15A","3",5
"1419","15A","31",1
"1420","15A","32A",0
"1421","15A","32F",0
"1422","15A","33A",0
"1423","15A","33B",0
"1424","15A","33C",0
"1425","15A","33D",0
"1426","15A","33F",1
"1427","15A","34",0
"1428","15A","35A",0
"1429","15A","35B",1
"1430","15A","35C",0
"1431","15A","35F",0
"1432","15A","36",0
"1433","15A","37",1
"1434","15A","38",1
"1435","15A","39",0
"1436","15A","4",1
"1437","15A","40",0
"1438","15A","41A",0
"1439","15A","41F",0
"1440","15A","42",0
"1441","15A","43",0
"1442","15A","44",0
"1443","15A","45",0
"1444","15A","46",0
"1445","15A","47A",0
"1446","15A","47F",0
"1447","15A","48",0
"1448","15A","5",0
"1449","15A","6A",2
"1450","15A","6B",4
"1451","15A","6C/D",1
"1452","15A","6E",0
"1453","15A","6F",0
"1454","15A","6G",0
"1455","15A","7A",0
"1456","15A","7B/C",1
"1457","15A","7F",0
"1458","15A","8",1
"1459","15A","9A",1
"1460","15A","9L",0
"1461","15A","9N",0
"1462","15A","9V",1
"1463","15B/C","15F",5
"1464","15B/C","16A",0
"1465","15B/C","16F",0
"1466","15B/C","17A",0
"1467","15B/C","17F",2
"1468","15B/C","18A",0
"1469","15B/C","18B",0
"1470","15B/C","18C",5
"1471","15B/C","18F",0
"1472","15B/C","19A",23
"1473","15B/C","19B",1
"1474","15B/C","19C",0
"1475","15B/C","19F",14
"1476","15B/C","19А",0
"1477","15B/C","2",0
"1478","15B/C","20A",0
"1479","15B/C","20B",0
"1480","15B/C","21",2
"1481","15B/C","22A",1
"1482","15B/C","22F",1
"1483","15B/C","23A",7
"1484","15B/C","23B",2
"1485","15B/C","23F",8
"1486","15B/C","24A",1
"1487","15B/C","24B",0
"1488","15B/C","24F",2
"1489","15B/C","25A",0
"1490","15B/C","25F",0
"1491","15B/C","27",0
"1492","15B/C","28A",0
"1493","15B/C","28F",0
"1494","15B/C","29",0
"1495","15B/C","3",4
"1496","15B/C","31",2
"1497","15B/C","32A",0
"1498","15B/C","32F",0
"1499","15B/C","33A",0
"1500","15B/C","33B",0
"1501","15B/C","33C",0
"1502","15B/C","33D",0
"1503","15B/C","33F",0
"1504","15B/C","34",0
"1505","15B/C","35A",1
"1506","15B/C","35B",5
"1507","15B/C","35C",0
"1508","15B/C","35F",0
"1509","15B/C","36",0
"1510","15B/C","37",0
"1511","15B/C","38",2
"1512","15B/C","39",0
"1513","15B/C","4",3
"1514","15B/C","40",0
"1515","15B/C","41A",0
"1516","15B/C","41F",0
"1517","15B/C","42",0
"1518","15B/C","43",0
"1519","15B/C","44",0
"1520","15B/C","45",0
"1521","15B/C","46",0
"1522","15B/C","47A",0
"1523","15B/C","47F",0
"1524","15B/C","48",0
"1525","15B/C","5",0
"1526","15B/C","6A",6
"1527","15B/C","6B",8
"1528","15B/C","6C/D",4
"1529","15B/C","6E",0
"1530","15B/C","6F",0
"1531","15B/C","6G",0
"1532","15B/C","7A",0
"1533","15B/C","7B/C",2
"1534","15B/C","7F",0
"1535","15B/C","8",1
"1536","15B/C","9A",1
"1537","15B/C","9L",0
"1538","15B/C","9N",1
"1539","15B/C","9V",7
"1540","15F","16A",0
"1541","15F","16F",0
"1542","15F","17A",0
"1543","15F","17F",1
"1544","15F","18A",0
"1545","15F","18B",0
"1546","15F","18C",0
"1547","15F","18F",0
"1548","15F","19A",5
"1549","15F","19B",1
"1550","15F","19C",0
"1551","15F","19F",3
"1552","15F","19А",0
"1553","15F","2",0
"1554","15F","20A",0
"1555","15F","20B",0
"1556","15F","21",0
"1557","15F","22A",0
"1558","15F","22F",0
"1559","15F","23A",1
"1560","15F","23B",0
"1561","15F","23F",2
"1562","15F","24A",0
"1563","15F","24B",0
"1564","15F","24F",0
"1565","15F","25A",0
"1566","15F","25F",0
"1567","15F","27",0
"1568","15F","28A",0
"1569","15F","28F",0
"1570","15F","29",0
"1571","15F","3",2
"1572","15F","31",0
"1573","15F","32A",0
"1574","15F","32F",0
"1575","15F","33A",0
"1576","15F","33B",0
"1577","15F","33C",0
"1578","15F","33D",0
"1579","15F","33F",1
"1580","15F","34",0
"1581","15F","35A",0
"1582","15F","35B",0
"1583","15F","35C",0
"1584","15F","35F",0
"1585","15F","36",0
"1586","15F","37",0
"1587","15F","38",0
"1588","15F","39",0
"1589","15F","4",0
"1590","15F","40",0
"1591","15F","41A",0
"1592","15F","41F",0
"1593","15F","42",0
"1594","15F","43",0
"1595","15F","44",0
"1596","15F","45",0
"1597","15F","46",0
"1598","15F","47A",0
"1599","15F","47F",0
"1600","15F","48",1
"1601","15F","5",0
"1602","15F","6A",0
"1603","15F","6B",0
"1604","15F","6C/D",0
"1605","15F","6E",0
"1606","15F","6F",0
"1607","15F","6G",0
"1608","15F","7A",0
"1609","15F","7B/C",2
"1610","15F","7F",0
"1611","15F","8",0
"1612","15F","9A",0
"1613","15F","9L",0
"1614","15F","9N",0
"1615","15F","9V",0
"1616","16A","16F",1
"1617","16A","17A",0
"1618","16A","17F",0
"1619","16A","18A",0
"1620","16A","18B",0
"1621","16A","18C",0
"1622","16A","18F",0
"1623","16A","19A",0
"1624","16A","19B",0
"1625","16A","19C",0
"1626","16A","19F",0
"1627","16A","19А",0
"1628","16A","2",0
"1629","16A","20A",0
"1630","16A","20B",0
"1631","16A","21",0
"1632","16A","22A",0
"1633","16A","22F",0
"1634","16A","23A",0
"1635","16A","23B",0
"1636","16A","23F",0
"1637","16A","24A",0
"1638","16A","24B",0
"1639","16A","24F",0
"1640","16A","25A",0
"1641","16A","25F",0
"1642","16A","27",0
"1643","16A","28A",0
"1644","16A","28F",0
"1645","16A","29",0
"1646","16A","3",0
"1647","16A","31",0
"1648","16A","32A",0
"1649","16A","32F",0
"1650","16A","33A",0
"1651","16A","33B",0
"1652","16A","33C",0
"1653","16A","33D",0
"1654","16A","33F",0
"1655","16A","34",0
"1656","16A","35A",0
"1657","16A","35B",0
"1658","16A","35C",0
"1659","16A","35F",0
"1660","16A","36",0
"1661","16A","37",0
"1662","16A","38",0
"1663","16A","39",0
"1664","16A","4",0
"1665","16A","40",0
"1666","16A","41A",0
"1667","16A","41F",0
"1668","16A","42",0
"1669","16A","43",0
"1670","16A","44",0
"1671","16A","45",0
"1672","16A","46",0
"1673","16A","47A",0
"1674","16A","47F",0
"1675","16A","48",0
"1676","16A","5",0
"1677","16A","6A",0
"1678","16A","6B",0
"1679","16A","6C/D",0
"1680","16A","6E",0
"1681","16A","6F",0
"1682","16A","6G",0
"1683","16A","7A",0
"1684","16A","7B/C",0
"1685","16A","7F",0
"1686","16A","8",0
"1687","16A","9A",0
"1688","16A","9L",0
"1689","16A","9N",0
"1690","16A","9V",0
"1691","16F","17A",0
"1692","16F","17F",0
"1693","16F","18A",0
"1694","16F","18B",0
"1695","16F","18C",0
"1696","16F","18F",0
"1697","16F","19A",3
"1698","16F","19B",0
"1699","16F","19C",0
"1700","16F","19F",2
"1701","16F","19А",0
"1702","16F","2",0
"1703","16F","20A",0
"1704","16F","20B",0
"1705","16F","21",0
"1706","16F","22A",1
"1707","16F","22F",2
"1708","16F","23A",0
"1709","16F","23B",0
"1710","16F","23F",1
"1711","16F","24A",0
"1712","16F","24B",0
"1713","16F","24F",0
"1714","16F","25A",0
"1715","16F","25F",0
"1716","16F","27",0
"1717","16F","28A",0
"1718","16F","28F",0
"1719","16F","29",0
"1720","16F","3",1
"1721","16F","31",0
"1722","16F","32A",0
"1723","16F","32F",0
"1724","16F","33A",1
"1725","16F","33B",0
"1726","16F","33C",0
"1727","16F","33D",0
"1728","16F","33F",1
"1729","16F","34",0
"1730","16F","35A",0
"1731","16F","35B",0
"1732","16F","35C",0
"1733","16F","35F",0
"1734","16F","36",0
"1735","16F","37",1
"1736","16F","38",0
"1737","16F","39",0
"1738","16F","4",0
"1739","16F","40",0
"1740","16F","41A",0
"1741","16F","41F",0
"1742","16F","42",0
"1743","16F","43",0
"1744","16F","44",0
"1745","16F","45",0
"1746","16F","46",0
"1747","16F","47A",0
"1748","16F","47F",0
"1749","16F","48",0
"1750","16F","5",0
"1751","16F","6A",1
"1752","16F","6B",1
"1753","16F","6C/D",0
"1754","16F","6E",0
"1755","16F","6F",0
"1756","16F","6G",0
"1757","16F","7A",0
"1758","16F","7B/C",0
"1759","16F","7F",0
"1760","16F","8",2
"1761","16F","9A",0
"1762","16F","9L",0
"1763","16F","9N",0
"1764","16F","9V",0
"1765","17A","17F",0
"1766","17A","18A",0
"1767","17A","18B",0
"1768","17A","18C",0
"1769","17A","18F",0
"1770","17A","19A",0
"1771","17A","19B",0
"1772","17A","19C",0
"1773","17A","19F",0
"1774","17A","19А",0
"1775","17A","2",0
"1776","17A","20A",0
"1777","17A","20B",0
"1778","17A","21",0
"1779","17A","22A",0
"1780","17A","22F",0
"1781","17A","23A",0
"1782","17A","23B",0
"1783","17A","23F",0
"1784","17A","24A",0
"1785","17A","24B",0
"1786","17A","24F",0
"1787","17A","25A",0
"1788","17A","25F",0
"1789","17A","27",0
"1790","17A","28A",0
"1791","17A","28F",0
"1792","17A","29",0
"1793","17A","3",0
"1794","17A","31",0
"1795","17A","32A",0
"1796","17A","32F",0
"1797","17A","33A",0
"1798","17A","33B",0
"1799","17A","33C",0
"1800","17A","33D",0
"1801","17A","33F",0
"1802","17A","34",0
"1803","17A","35A",0
"1804","17A","35B",0
"1805","17A","35C",0
"1806","17A","35F",0
"1807","17A","36",0
"1808","17A","37",0
"1809","17A","38",0
"1810","17A","39",0
"1811","17A","4",0
"1812","17A","40",0
"1813","17A","41A",0
"1814","17A","41F",0
"1815","17A","42",0
"1816","17A","43",0
"1817","17A","44",0
"1818","17A","45",0
"1819","17A","46",0
"1820","17A","47A",0
"1821","17A","47F",0
"1822","17A","48",0
"1823","17A","5",0
"1824","17A","6A",0
"1825","17A","6B",0
"1826","17A","6C/D",0
"1827","17A","6E",0
"1828","17A","6F",0
"1829","17A","6G",0
"1830","17A","7A",0
"1831","17A","7B/C",0
"1832","17A","7F",0
"1833","17A","8",0
"1834","17A","9A",0
"1835","17A","9L",0
"1836","17A","9N",0
"1837","17A","9V",0
"1838","17F","18A",0
"1839","17F","18B",0
"1840","17F","18C",0
"1841","17F","18F",0
"1842","17F","19A",2
"1843","17F","19B",0
"1844","17F","19C",0
"1845","17F","19F",1
"1846","17F","19А",0
"1847","17F","2",1
"1848","17F","20A",0
"1849","17F","20B",0
"1850","17F","21",0
"1851","17F","22A",2
"1852","17F","22F",0
"1853","17F","23A",1
"1854","17F","23B",0
"1855","17F","23F",5
"1856","17F","24A",0
"1857","17F","24B",0
"1858","17F","24F",0
"1859","17F","25A",0
"1860","17F","25F",0
"1861","17F","27",0
"1862","17F","28A",0
"1863","17F","28F",0
"1864","17F","29",0
"1865","17F","3",1
"1866","17F","31",0
"1867","17F","32A",0
"1868","17F","32F",0
"1869","17F","33A",0
"1870","17F","33B",0
"1871","17F","33C",0
"1872","17F","33D",0
"1873","17F","33F",0
"1874","17F","34",0
"1875","17F","35A",0
"1876","17F","35B",1
"1877","17F","35C",1
"1878","17F","35F",0
"1879","17F","36",0
"1880","17F","37",0
"1881","17F","38",1
"1882","17F","39",0
"1883","17F","4",1
"1884","17F","40",0
"1885","17F","41A",0
"1886","17F","41F",0
"1887","17F","42",0
"1888","17F","43",0
"1889","17F","44",0
"1890","17F","45",0
"1891","17F","46",0
"1892","17F","47A",0
"1893","17F","47F",0
"1894","17F","48",1
"1895","17F","5",0
"1896","17F","6A",0
"1897","17F","6B",2
"1898","17F","6C/D",1
"1899","17F","6E",0
"1900","17F","6F",0
"1901","17F","6G",0
"1902","17F","7A",0
"1903","17F","7B/C",0
"1904","17F","7F",0
"1905","17F","8",0
"1906","17F","9A",0
"1907","17F","9L",0
"1908","17F","9N",0
"1909","17F","9V",1
"1910","18A","18B",2
"1911","18A","18C",1
"1912","18A","18F",1
"1913","18A","19A",0
"1914","18A","19B",0
"1915","18A","19C",0
"1916","18A","19F",0
"1917","18A","19А",0
"1918","18A","2",0
"1919","18A","20A",0
"1920","18A","20B",0
"1921","18A","21",0
"1922","18A","22A",0
"1923","18A","22F",0
"1924","18A","23A",0
"1925","18A","23B",0
"1926","18A","23F",1
"1927","18A","24A",0
"1928","18A","24B",0
"1929","18A","24F",0
"1930","18A","25A",0
"1931","18A","25F",0
"1932","18A","27",0
"1933","18A","28A",0
"1934","18A","28F",0
"1935","18A","29",0
"1936","18A","3",0
"1937","18A","31",0
"1938","18A","32A",0
"1939","18A","32F",0
"1940","18A","33A",0
"1941","18A","33B",0
"1942","18A","33C",0
"1943","18A","33D",0
"1944","18A","33F",0
"1945","18A","34",0
"1946","18A","35A",0
"1947","18A","35B",0
"1948","18A","35C",0
"1949","18A","35F",0
"1950","18A","36",0
"1951","18A","37",0
"1952","18A","38",0
"1953","18A","39",0
"1954","18A","4",0
"1955","18A","40",0
"1956","18A","41A",0
"1957","18A","41F",0
"1958","18A","42",0
"1959","18A","43",0
"1960","18A","44",0
"1961","18A","45",0
"1962","18A","46",0
"1963","18A","47A",0
"1964","18A","47F",0
"1965","18A","48",0
"1966","18A","5",0
"1967","18A","6A",0
"1968","18A","6B",1
"1969","18A","6C/D",0
"1970","18A","6E",0
"1971","18A","6F",0
"1972","18A","6G",0
"1973","18A","7A",0
"1974","18A","7B/C",0
"1975","18A","7F",0
"1976","18A","8",0
"1977","18A","9A",0
"1978","18A","9L",0
"1979","18A","9N",0
"1980","18A","9V",0
"1981","18B","18C",10
"1982","18B","18F",1
"1983","18B","19A",1
"1984","18B","19B",0
"1985","18B","19C",0
"1986","18B","19F",0
"1987","18B","19А",0
"1988","18B","2",0
"1989","18B","20A",0
"1990","18B","20B",0
"1991","18B","21",0
"1992","18B","22A",0
"1993","18B","22F",1
"1994","18B","23A",0
"1995","18B","23B",0
"1996","18B","23F",0
"1997","18B","24A",0
"1998","18B","24B",0
"1999","18B","24F",1
"2000","18B","25A",0
"2001","18B","25F",0
"2002","18B","27",0
"2003","18B","28A",0
"2004","18B","28F",0
"2005","18B","29",0
"2006","18B","3",0
"2007","18B","31",0
"2008","18B","32A",0
"2009","18B","32F",0
"2010","18B","33A",0
"2011","18B","33B",0
"2012","18B","33C",0
"2013","18B","33D",0
"2014","18B","33F",0
"2015","18B","34",0
"2016","18B","35A",0
"2017","18B","35B",0
"2018","18B","35C",0
"2019","18B","35F",0
"2020","18B","36",0
"2021","18B","37",0
"2022","18B","38",0
"2023","18B","39",0
"2024","18B","4",0
"2025","18B","40",0
"2026","18B","41A",0
"2027","18B","41F",0
"2028","18B","42",0
"2029","18B","43",0
"2030","18B","44",0
"2031","18B","45",0
"2032","18B","46",0
"2033","18B","47A",0
"2034","18B","47F",0
"2035","18B","48",0
"2036","18B","5",0
"2037","18B","6A",0
"2038","18B","6B",0
"2039","18B","6C/D",0
"2040","18B","6E",0
"2041","18B","6F",0
"2042","18B","6G",0
"2043","18B","7A",0
"2044","18B","7B/C",0
"2045","18B","7F",1
"2046","18B","8",0
"2047","18B","9A",0
"2048","18B","9L",0
"2049","18B","9N",0
"2050","18B","9V",0
"2051","18C","18F",3
"2052","18C","19A",5
"2053","18C","19B",0
"2054","18C","19C",0
"2055","18C","19F",3
"2056","18C","19А",0
"2057","18C","2",0
"2058","18C","20A",0
"2059","18C","20B",0
"2060","18C","21",3
"2061","18C","22A",0
"2062","18C","22F",2
"2063","18C","23A",0
"2064","18C","23B",0
"2065","18C","23F",2
"2066","18C","24A",0
"2067","18C","24B",0
"2068","18C","24F",2
"2069","18C","25A",0
"2070","18C","25F",0
"2071","18C","27",0
"2072","18C","28A",0
"2073","18C","28F",0
"2074","18C","29",0
"2075","18C","3",1
"2076","18C","31",0
"2077","18C","32A",0
"2078","18C","32F",0
"2079","18C","33A",1
"2080","18C","33B",1
"2081","18C","33C",0
"2082","18C","33D",0
"2083","18C","33F",1
"2084","18C","34",0
"2085","18C","35A",1
"2086","18C","35B",1
"2087","18C","35C",0
"2088","18C","35F",1
"2089","18C","36",0
"2090","18C","37",0
"2091","18C","38",1
"2092","18C","39",0
"2093","18C","4",3
"2094","18C","40",0
"2095","18C","41A",0
"2096","18C","41F",0
"2097","18C","42",0
"2098","18C","43",0
"2099","18C","44",0
"2100","18C","45",0
"2101","18C","46",0
"2102","18C","47A",0
"2103","18C","47F",0
"2104","18C","48",0
"2105","18C","5",0
"2106","18C","6A",2
"2107","18C","6B",3
"2108","18C","6C/D",0
"2109","18C","6E",0
"2110","18C","6F",0
"2111","18C","6G",0
"2112","18C","7A",1
"2113","18C","7B/C",0
"2114","18C","7F",3
"2115","18C","8",1
"2116","18C","9A",0
"2117","18C","9L",0
"2118","18C","9N",1
"2119","18C","9V",2
"2120","18F","19A",1
"2121","18F","19B",0
"2122","18F","19C",0
"2123","18F","19F",1
"2124","18F","19А",0
"2125","18F","2",0
"2126","18F","20A",0
"2127","18F","20B",0
"2128","18F","21",0
"2129","18F","22A",1
"2130","18F","22F",0
"2131","18F","23A",0
"2132","18F","23B",0
"2133","18F","23F",1
"2134","18F","24A",0
"2135","18F","24B",0
"2136","18F","24F",1
"2137","18F","25A",0
"2138","18F","25F",0
"2139","18F","27",0
"2140","18F","28A",0
"2141","18F","28F",0
"2142","18F","29",0
"2143","18F","3",0
"2144","18F","31",0
"2145","18F","32A",0
"2146","18F","32F",0
"2147","18F","33A",0
"2148","18F","33B",0
"2149","18F","33C",0
"2150","18F","33D",0
"2151","18F","33F",0
"2152","18F","34",0
"2153","18F","35A",0
"2154","18F","35B",0
"2155","18F","35C",0
"2156","18F","35F",0
"2157","18F","36",0
"2158","18F","37",0
"2159","18F","38",0
"2160","18F","39",0
"2161","18F","4",0
"2162","18F","40",0
"2163","18F","41A",0
"2164","18F","41F",0
"2165","18F","42",0
"2166","18F","43",0
"2167","18F","44",0
"2168","18F","45",0
"2169","18F","46",0
"2170","18F","47A",0
"2171","18F","47F",0
"2172","18F","48",0
"2173","18F","5",0
"2174","18F","6A",1
"2175","18F","6B",1
"2176","18F","6C/D",1
"2177","18F","6E",0
"2178","18F","6F",0
"2179","18F","6G",0
"2180","18F","7A",0
"2181","18F","7B/C",0
"2182","18F","7F",1
"2183","18F","8",0
"2184","18F","9A",0
"2185","18F","9L",0
"2186","18F","9N",0
"2187","18F","9V",0
"2188","19A","19B",1
"2189","19A","19C",1
"2190","19A","19F",60
"2191","19A","19А",1
"2192","19A","2",0
"2193","19A","20A",0
"2194","19A","20B",0
"2195","19A","21",4
"2196","19A","22A",1
"2197","19A","22F",4
"2198","19A","23A",10
"2199","19A","23B",7
"2200","19A","23F",31
"2201","19A","24A",0
"2202","19A","24B",0
"2203","19A","24F",4
"2204","19A","25A",0
"2205","19A","25F",0
"2206","19A","27",1
"2207","19A","28A",0
"2208","19A","28F",0
"2209","19A","29",2
"2210","19A","3",8
"2211","19A","31",2
"2212","19A","32A",0
"2213","19A","32F",0
"2214","19A","33A",0
"2215","19A","33B",0
"2216","19A","33C",0
"2217","19A","33D",0
"2218","19A","33F",1
"2219","19A","34",4
"2220","19A","35A",0
"2221","19A","35B",8
"2222","19A","35C",1
"2223","19A","35F",0
"2224","19A","36",0
"2225","19A","37",1
"2226","19A","38",1
"2227","19A","39",0
"2228","19A","4",6
"2229","19A","40",0
"2230","19A","41A",0
"2231","19A","41F",0
"2232","19A","42",2
"2233","19A","43",0
"2234","19A","44",0
"2235","19A","45",0
"2236","19A","46",0
"2237","19A","47A",0
"2238","19A","47F",0
"2239","19A","48",0
"2240","19A","5",2
"2241","19A","6A",17
"2242","19A","6B",19
"2243","19A","6C/D",8
"2244","19A","6E",4
"2245","19A","6F",0
"2246","19A","6G",0
"2247","19A","7A",0
"2248","19A","7B/C",7
"2249","19A","7F",4
"2250","19A","8",2
"2251","19A","9A",5
"2252","19A","9L",1
"2253","19A","9N",3
"2254","19A","9V",13
"2255","19B","19C",0
"2256","19B","19F",2
"2257","19B","19А",0
"2258","19B","2",0
"2259","19B","20A",0
"2260","19B","20B",0
"2261","19B","21",0
"2262","19B","22A",0
"2263","19B","22F",0
"2264","19B","23A",1
"2265","19B","23B",0
"2266","19B","23F",1
"2267","19B","24A",1
"2268","19B","24B",0
"2269","19B","24F",0
"2270","19B","25A",0
"2271","19B","25F",0
"2272","19B","27",0
"2273","19B","28A",0
"2274","19B","28F",0
"2275","19B","29",0
"2276","19B","3",1
"2277","19B","31",0
"2278","19B","32A",0
"2279","19B","32F",0
"2280","19B","33A",0
"2281","19B","33B",0
"2282","19B","33C",0
"2283","19B","33D",0
"2284","19B","33F",0
"2285","19B","34",0
"2286","19B","35A",0
"2287","19B","35B",0
"2288","19B","35C",0
"2289","19B","35F",0
"2290","19B","36",0
"2291","19B","37",0
"2292","19B","38",0
"2293","19B","39",0
"2294","19B","4",0
"2295","19B","40",0
"2296","19B","41A",0
"2297","19B","41F",0
"2298","19B","42",0
"2299","19B","43",0
"2300","19B","44",0
"2301","19B","45",0
"2302","19B","46",0
"2303","19B","47A",0
"2304","19B","47F",0
"2305","19B","48",0
"2306","19B","5",0
"2307","19B","6A",0
"2308","19B","6B",0
"2309","19B","6C/D",0
"2310","19B","6E",0
"2311","19B","6F",0
"2312","19B","6G",0
"2313","19B","7A",0
"2314","19B","7B/C",1
"2315","19B","7F",0
"2316","19B","8",0
"2317","19B","9A",0
"2318","19B","9L",0
"2319","19B","9N",0
"2320","19B","9V",0
"2321","19C","19F",1
"2322","19C","19А",0
"2323","19C","2",0
"2324","19C","20A",0
"2325","19C","20B",0
"2326","19C","21",0
"2327","19C","22A",0
"2328","19C","22F",0
"2329","19C","23A",0
"2330","19C","23B",0
"2331","19C","23F",0
"2332","19C","24A",0
"2333","19C","24B",0
"2334","19C","24F",0
"2335","19C","25A",0
"2336","19C","25F",0
"2337","19C","27",0
"2338","19C","28A",0
"2339","19C","28F",0
"2340","19C","29",0
"2341","19C","3",0
"2342","19C","31",0
"2343","19C","32A",0
"2344","19C","32F",0
"2345","19C","33A",0
"2346","19C","33B",0
"2347","19C","33C",0
"2348","19C","33D",0
"2349","19C","33F",0
"2350","19C","34",0
"2351","19C","35A",0
"2352","19C","35B",0
"2353","19C","35C",0
"2354","19C","35F",0
"2355","19C","36",0
"2356","19C","37",0
"2357","19C","38",0
"2358","19C","39",0
"2359","19C","4",0
"2360","19C","40",0
"2361","19C","41A",0
"2362","19C","41F",0
"2363","19C","42",0
"2364","19C","43",0
"2365","19C","44",0
"2366","19C","45",0
"2367","19C","46",0
"2368","19C","47A",0
"2369","19C","47F",0
"2370","19C","48",0
"2371","19C","5",0
"2372","19C","6A",0
"2373","19C","6B",0
"2374","19C","6C/D",0
"2375","19C","6E",0
"2376","19C","6F",0
"2377","19C","6G",0
"2378","19C","7A",0
"2379","19C","7B/C",0
"2380","19C","7F",0
"2381","19C","8",0
"2382","19C","9A",0
"2383","19C","9L",1
"2384","19C","9N",0
"2385","19C","9V",0
"2386","19F","19А",1
"2387","19F","2",0
"2388","19F","20A",0
"2389","19F","20B",0
"2390","19F","21",4
"2391","19F","22A",0
"2392","19F","22F",3
"2393","19F","23A",11
"2394","19F","23B",6
"2395","19F","23F",26
"2396","19F","24A",0
"2397","19F","24B",0
"2398","19F","24F",3
"2399","19F","25A",0
"2400","19F","25F",0
"2401","19F","27",0
"2402","19F","28A",1
"2403","19F","28F",0
"2404","19F","29",1
"2405","19F","3",14
"2406","19F","31",2
"2407","19F","32A",0
"2408","19F","32F",0
"2409","19F","33A",1
"2410","19F","33B",1
"2411","19F","33C",0
"2412","19F","33D",1
"2413","19F","33F",1
"2414","19F","34",1
"2415","19F","35A",0
"2416","19F","35B",5
"2417","19F","35C",0
"2418","19F","35F",3
"2419","19F","36",0
"2420","19F","37",1
"2421","19F","38",2
"2422","19F","39",0
"2423","19F","4",4
"2424","19F","40",0
"2425","19F","41A",0
"2426","19F","41F",0
"2427","19F","42",1
"2428","19F","43",0
"2429","19F","44",0
"2430","19F","45",0
"2431","19F","46",0
"2432","19F","47A",0
"2433","19F","47F",0
"2434","19F","48",1
"2435","19F","5",2
"2436","19F","6A",16
"2437","19F","6B",13
"2438","19F","6C/D",7
"2439","19F","6E",0
"2440","19F","6F",0
"2441","19F","6G",0
"2442","19F","7A",0
"2443","19F","7B/C",3
"2444","19F","7F",3
"2445","19F","8",1
"2446","19F","9A",3
"2447","19F","9L",1
"2448","19F","9N",4
"2449","19F","9V",13
"2450","19А","2",0
"2451","19А","20A",0
"2452","19А","20B",0
"2453","19А","21",0
"2454","19А","22A",0
"2455","19А","22F",0
"2456","19А","23A",0
"2457","19А","23B",0
"2458","19А","23F",0
"2459","19А","24A",0
"2460","19А","24B",0
"2461","19А","24F",0
"2462","19А","25A",0
"2463","19А","25F",0
"2464","19А","27",0
"2465","19А","28A",0
"2466","19А","28F",0
"2467","19А","29",0
"2468","19А","3",0
"2469","19А","31",0
"2470","19А","32A",0
"2471","19А","32F",0
"2472","19А","33A",0
"2473","19А","33B",0
"2474","19А","33C",0
"2475","19А","33D",0
"2476","19А","33F",0
"2477","19А","34",0
"2478","19А","35A",0
"2479","19А","35B",0
"2480","19А","35C",0
"2481","19А","35F",0
"2482","19А","36",0
"2483","19А","37",0
"2484","19А","38",0
"2485","19А","39",0
"2486","19А","4",0
"2487","19А","40",0
"2488","19А","41A",0
"2489","19А","41F",0
"2490","19А","42",0
"2491","19А","43",0
"2492","19А","44",0
"2493","19А","45",0
"2494","19А","46",0
"2495","19А","47A",0
"2496","19А","47F",0
"2497","19А","48",0
"2498","19А","5",0
"2499","19А","6A",0
"2500","19А","6B",0
"2501","19А","6C/D",0
"2502","19А","6E",0
"2503","19А","6F",0
"2504","19А","6G",0
"2505","19А","7A",0
"2506","19А","7B/C",0
"2507","19А","7F",0
"2508","19А","8",0
"2509","19А","9A",0
"2510","19А","9L",0
"2511","19А","9N",0
"2512","19А","9V",0
"2513","2","20A",0
"2514","2","20B",0
"2515","2","21",0
"2516","2","22A",0
"2517","2","22F",0
"2518","2","23A",0
"2519","2","23B",0
"2520","2","23F",0
"2521","2","24A",0
"2522","2","24B",0
"2523","2","24F",0
"2524","2","25A",0
"2525","2","25F",0
"2526","2","27",0
"2527","2","28A",0
"2528","2","28F",0
"2529","2","29",0
"2530","2","3",1
"2531","2","31",0
"2532","2","32A",0
"2533","2","32F",0
"2534","2","33A",0
"2535","2","33B",0
"2536","2","33C",0
"2537","2","33D",0
"2538","2","33F",0
"2539","2","34",0
"2540","2","35A",0
"2541","2","35B",0
"2542","2","35C",0
"2543","2","35F",0
"2544","2","36",0
"2545","2","37",0
"2546","2","38",0
"2547","2","39",0
"2548","2","4",0
"2549","2","40",0
"2550","2","41A",0
"2551","2","41F",0
"2552","2","42",0
"2553","2","43",0
"2554","2","44",0
"2555","2","45",0
"2556","2","46",0
"2557","2","47A",0
"2558","2","47F",0
"2559","2","48",0
"2560","2","5",0
"2561","2","6A",0
"2562","2","6B",0
"2563","2","6C/D",0
"2564","2","6E",0
"2565","2","6F",0
"2566","2","6G",0
"2567","2","7A",0
"2568","2","7B/C",0
"2569","2","7F",0
"2570","2","8",0
"2571","2","9A",0
"2572","2","9L",0
"2573","2","9N",0
"2574","2","9V",0
"2575","20A","20B",0
"2576","20A","21",0
"2577","20A","22A",0
"2578","20A","22F",0
"2579","20A","23A",0
"2580","20A","23B",0
"2581","20A","23F",0
"2582","20A","24A",0
"2583","20A","24B",0
"2584","20A","24F",0
"2585","20A","25A",0
"2586","20A","25F",0
"2587","20A","27",0
"2588","20A","28A",0
"2589","20A","28F",0
"2590","20A","29",0
"2591","20A","3",0
"2592","20A","31",0
"2593","20A","32A",0
"2594","20A","32F",0
"2595","20A","33A",0
"2596","20A","33B",0
"2597","20A","33C",0
"2598","20A","33D",0
"2599","20A","33F",0
"2600","20A","34",0
"2601","20A","35A",0
"2602","20A","35B",0
"2603","20A","35C",0
"2604","20A","35F",0
"2605","20A","36",0
"2606","20A","37",0
"2607","20A","38",0
"2608","20A","39",0
"2609","20A","4",0
"2610","20A","40",0
"2611","20A","41A",0
"2612","20A","41F",0
"2613","20A","42",0
"2614","20A","43",0
"2615","20A","44",0
"2616","20A","45",0
"2617","20A","46",0
"2618","20A","47A",0
"2619","20A","47F",0
"2620","20A","48",0
"2621","20A","5",0
"2622","20A","6A",0
"2623","20A","6B",0
"2624","20A","6C/D",0
"2625","20A","6E",0
"2626","20A","6F",0
"2627","20A","6G",0
"2628","20A","7A",0
"2629","20A","7B/C",0
"2630","20A","7F",0
"2631","20A","8",0
"2632","20A","9A",0
"2633","20A","9L",0
"2634","20A","9N",0
"2635","20A","9V",0
"2636","20B","21",0
"2637","20B","22A",0
"2638","20B","22F",0
"2639","20B","23A",0
"2640","20B","23B",0
"2641","20B","23F",0
"2642","20B","24A",0
"2643","20B","24B",0
"2644","20B","24F",0
"2645","20B","25A",0
"2646","20B","25F",0
"2647","20B","27",0
"2648","20B","28A",0
"2649","20B","28F",0
"2650","20B","29",0
"2651","20B","3",0
"2652","20B","31",0
"2653","20B","32A",0
"2654","20B","32F",0
"2655","20B","33A",0
"2656","20B","33B",0
"2657","20B","33C",0
"2658","20B","33D",0
"2659","20B","33F",0
"2660","20B","34",0
"2661","20B","35A",0
"2662","20B","35B",0
"2663","20B","35C",0
"2664","20B","35F",0
"2665","20B","36",0
"2666","20B","37",0
"2667","20B","38",0
"2668","20B","39",0
"2669","20B","4",0
"2670","20B","40",0
"2671","20B","41A",0
"2672","20B","41F",0
"2673","20B","42",0
"2674","20B","43",0
"2675","20B","44",0
"2676","20B","45",0
"2677","20B","46",0
"2678","20B","47A",0
"2679","20B","47F",0
"2680","20B","48",0
"2681","20B","5",0
"2682","20B","6A",0
"2683","20B","6B",0
"2684","20B","6C/D",0
"2685","20B","6E",0
"2686","20B","6F",0
"2687","20B","6G",0
"2688","20B","7A",0
"2689","20B","7B/C",1
"2690","20B","7F",0
"2691","20B","8",0
"2692","20B","9A",0
"2693","20B","9L",0
"2694","20B","9N",0
"2695","20B","9V",0
"2696","21","22A",0
"2697","21","22F",1
"2698","21","23A",0
"2699","21","23B",0
"2700","21","23F",3
"2701","21","24A",0
"2702","21","24B",0
"2703","21","24F",0
"2704","21","25A",0
"2705","21","25F",0
"2706","21","27",0
"2707","21","28A",0
"2708","21","28F",0
"2709","21","29",0
"2710","21","3",2
"2711","21","31",0
"2712","21","32A",0
"2713","21","32F",0
"2714","21","33A",0
"2715","21","33B",0
"2716","21","33C",0
"2717","21","33D",0
"2718","21","33F",0
"2719","21","34",0
"2720","21","35A",0
"2721","21","35B",0
"2722","21","35C",0
"2723","21","35F",0
"2724","21","36",0
"2725","21","37",0
"2726","21","38",0
"2727","21","39",0
"2728","21","4",0
"2729","21","40",0
"2730","21","41A",0
"2731","21","41F",0
"2732","21","42",0
"2733","21","43",0
"2734","21","44",0
"2735","21","45",0
"2736","21","46",0
"2737","21","47A",0
"2738","21","47F",0
"2739","21","48",0
"2740","21","5",0
"2741","21","6A",0
"2742","21","6B",0
"2743","21","6C/D",0
"2744","21","6E",0
"2745","21","6F",0
"2746","21","6G",0
"2747","21","7A",0
"2748","21","7B/C",0
"2749","21","7F",0
"2750","21","8",0
"2751","21","9A",0
"2752","21","9L",0
"2753","21","9N",0
"2754","21","9V",1
"2755","22A","22F",1
"2756","22A","23A",0
"2757","22A","23B",0
"2758","22A","23F",0
"2759","22A","24A",0
"2760","22A","24B",0
"2761","22A","24F",0
"2762","22A","25A",0
"2763","22A","25F",0
"2764","22A","27",0
"2765","22A","28A",0
"2766","22A","28F",0
"2767","22A","29",0
"2768","22A","3",0
"2769","22A","31",0
"2770","22A","32A",0
"2771","22A","32F",1
"2772","22A","33A",0
"2773","22A","33B",0
"2774","22A","33C",0
"2775","22A","33D",0
"2776","22A","33F",0
"2777","22A","34",0
"2778","22A","35A",0
"2779","22A","35B",0
"2780","22A","35C",1
"2781","22A","35F",0
"2782","22A","36",0
"2783","22A","37",0
"2784","22A","38",0
"2785","22A","39",0
"2786","22A","4",1
"2787","22A","40",0
"2788","22A","41A",0
"2789","22A","41F",0
"2790","22A","42",1
"2791","22A","43",0
"2792","22A","44",0
"2793","22A","45",0
"2794","22A","46",0
"2795","22A","47A",0
"2796","22A","47F",0
"2797","22A","48",0
"2798","22A","5",0
"2799","22A","6A",0
"2800","22A","6B",0
"2801","22A","6C/D",0
"2802","22A","6E",0
"2803","22A","6F",0
"2804","22A","6G",0
"2805","22A","7A",0
"2806","22A","7B/C",0
"2807","22A","7F",0
"2808","22A","8",1
"2809","22A","9A",0
"2810","22A","9L",0
"2811","22A","9N",0
"2812","22A","9V",0
"2813","22F","23A",2
"2814","22F","23B",0
"2815","22F","23F",1
"2816","22F","24A",0
"2817","22F","24B",1
"2818","22F","24F",2
"2819","22F","25A",0
"2820","22F","25F",0
"2821","22F","27",0
"2822","22F","28A",0
"2823","22F","28F",0
"2824","22F","29",1
"2825","22F","3",2
"2826","22F","31",0
"2827","22F","32A",0
"2828","22F","32F",0
"2829","22F","33A",1
"2830","22F","33B",0
"2831","22F","33C",0
"2832","22F","33D",0
"2833","22F","33F",2
"2834","22F","34",0
"2835","22F","35A",0
"2836","22F","35B",2
"2837","22F","35C",1
"2838","22F","35F",0
"2839","22F","36",0
"2840","22F","37",0
"2841","22F","38",0
"2842","22F","39",0
"2843","22F","4",1
"2844","22F","40",0
"2845","22F","41A",0
"2846","22F","41F",0
"2847","22F","42",1
"2848","22F","43",0
"2849","22F","44",0
"2850","22F","45",0
"2851","22F","46",0
"2852","22F","47A",0
"2853","22F","47F",0
"2854","22F","48",0
"2855","22F","5",0
"2856","22F","6A",0
"2857","22F","6B",0
"2858","22F","6C/D",0
"2859","22F","6E",0
"2860","22F","6F",0
"2861","22F","6G",0
"2862","22F","7A",0
"2863","22F","7B/C",0
"2864","22F","7F",0
"2865","22F","8",1
"2866","22F","9A",0
"2867","22F","9L",0
"2868","22F","9N",1
"2869","22F","9V",1
"2870","23A","23B",6
"2871","23A","23F",21
"2872","23A","24A",0
"2873","23A","24B",1
"2874","23A","24F",1
"2875","23A","25A",0
"2876","23A","25F",0
"2877","23A","27",0
"2878","23A","28A",0
"2879","23A","28F",0
"2880","23A","29",0
"2881","23A","3",3
"2882","23A","31",2
"2883","23A","32A",0
"2884","23A","32F",0
"2885","23A","33A",1
"2886","23A","33B",0
"2887","23A","33C",0
"2888","23A","33D",0
"2889","23A","33F",1
"2890","23A","34",0
"2891","23A","35A",0
"2892","23A","35B",4
"2893","23A","35C",0
"2894","23A","35F",0
"2895","23A","36",0
"2896","23A","37",0
"2897","23A","38",3
"2898","23A","39",0
"2899","23A","4",1
"2900","23A","40",0
"2901","23A","41A",0
"2902","23A","41F",0
"2903","23A","42",0
"2904","23A","43",0
"2905","23A","44",0
"2906","23A","45",0
"2907","23A","46",0
"2908","23A","47A",0
"2909","23A","47F",0
"2910","23A","48",0
"2911","23A","5",0
"2912","23A","6A",5
"2913","23A","6B",5
"2914","23A","6C/D",3
"2915","23A","6E",0
"2916","23A","6F",0
"2917","23A","6G",0
"2918","23A","7A",0
"2919","23A","7B/C",1
"2920","23A","7F",0
"2921","23A","8",1
"2922","23A","9A",1
"2923","23A","9L",0
"2924","23A","9N",0
"2925","23A","9V",1
"2926","23B","23F",8
"2927","23B","24A",0
"2928","23B","24B",0
"2929","23B","24F",0
"2930","23B","25A",0
"2931","23B","25F",0
"2932","23B","27",0
"2933","23B","28A",0
"2934","23B","28F",0
"2935","23B","29",0
"2936","23B","3",1
"2937","23B","31",1
"2938","23B","32A",0
"2939","23B","32F",0
"2940","23B","33A",0
"2941","23B","33B",0
"2942","23B","33C",0
"2943","23B","33D",0
"2944","23B","33F",0
"2945","23B","34",0
"2946","23B","35A",0
"2947","23B","35B",2
"2948","23B","35C",0
"2949","23B","35F",0
"2950","23B","36",0
"2951","23B","37",0
"2952","23B","38",0
"2953","23B","39",0
"2954","23B","4",0
"2955","23B","40",0
"2956","23B","41A",0
"2957","23B","41F",0
"2958","23B","42",1
"2959","23B","43",0
"2960","23B","44",0
"2961","23B","45",0
"2962","23B","46",0
"2963","23B","47A",0
"2964","23B","47F",0
"2965","23B","48",0
"2966","23B","5",0
"2967","23B","6A",3
"2968","23B","6B",4
"2969","23B","6C/D",2
"2970","23B","6E",0
"2971","23B","6F",0
"2972","23B","6G",0
"2973","23B","7A",0
"2974","23B","7B/C",0
"2975","23B","7F",0
"2976","23B","8",1
"2977","23B","9A",0
"2978","23B","9L",0
"2979","23B","9N",0
"2980","23B","9V",1
"2981","23F","24A",0
"2982","23F","24B",0
"2983","23F","24F",2
"2984","23F","25A",0
"2985","23F","25F",0
"2986","23F","27",0
"2987","23F","28A",0
"2988","23F","28F",0
"2989","23F","29",2
"2990","23F","3",7
"2991","23F","31",1
"2992","23F","32A",0
"2993","23F","32F",1
"2994","23F","33A",0
"2995","23F","33B",0
"2996","23F","33C",0
"2997","23F","33D",0
"2998","23F","33F",0
"2999","23F","34",0
"3000","23F","35A",0
"3001","23F","35B",5
"3002","23F","35C",1
"3003","23F","35F",0
"3004","23F","36",0
"3005","23F","37",0
"3006","23F","38",1
"3007","23F","39",0
"3008","23F","4",4
"3009","23F","40",0
"3010","23F","41A",0
"3011","23F","41F",0
"3012","23F","42",1
"3013","23F","43",0
"3014","23F","44",0
"3015","23F","45",0
"3016","23F","46",1
"3017","23F","47A",0
"3018","23F","47F",0
"3019","23F","48",1
"3020","23F","5",2
"3021","23F","6A",26
"3022","23F","6B",17
"3023","23F","6C/D",11
"3024","23F","6E",3
"3025","23F","6F",0
"3026","23F","6G",0
"3027","23F","7A",0
"3028","23F","7B/C",4
"3029","23F","7F",1
"3030","23F","8",1
"3031","23F","9A",1
"3032","23F","9L",1
"3033","23F","9N",1
"3034","23F","9V",6
"3035","24A","24B",0
"3036","24A","24F",1
"3037","24A","25A",0
"3038","24A","25F",0
"3039","24A","27",0
"3040","24A","28A",0
"3041","24A","28F",0
"3042","24A","29",0
"3043","24A","3",0
"3044","24A","31",0
"3045","24A","32A",0
"3046","24A","32F",0
"3047","24A","33A",0
"3048","24A","33B",0
"3049","24A","33C",0
"3050","24A","33D",0
"3051","24A","33F",0
"3052","24A","34",0
"3053","24A","35A",0
"3054","24A","35B",0
"3055","24A","35C",0
"3056","24A","35F",0
"3057","24A","36",0
"3058","24A","37",0
"3059","24A","38",0
"3060","24A","39",0
"3061","24A","4",0
"3062","24A","40",0
"3063","24A","41A",0
"3064","24A","41F",0
"3065","24A","42",0
"3066","24A","43",0
"3067","24A","44",0
"3068","24A","45",0
"3069","24A","46",0
"3070","24A","47A",0
"3071","24A","47F",0
"3072","24A","48",1
"3073","24A","5",0
"3074","24A","6A",0
"3075","24A","6B",0
"3076","24A","6C/D",0
"3077","24A","6E",0
"3078","24A","6F",0
"3079","24A","6G",0
"3080","24A","7A",0
"3081","24A","7B/C",0
"3082","24A","7F",0
"3083","24A","8",0
"3084","24A","9A",0
"3085","24A","9L",0
"3086","24A","9N",0
"3087","24A","9V",0
"3088","24B","24F",3
"3089","24B","25A",0
"3090","24B","25F",0
"3091","24B","27",0
"3092","24B","28A",0
"3093","24B","28F",0
"3094","24B","29",0
"3095","24B","3",0
"3096","24B","31",0
"3097","24B","32A",0
"3098","24B","32F",0
"3099","24B","33A",0
"3100","24B","33B",0
"3101","24B","33C",0
"3102","24B","33D",0
"3103","24B","33F",0
"3104","24B","34",0
"3105","24B","35A",0
"3106","24B","35B",1
"3107","24B","35C",0
"3108","24B","35F",0
"3109","24B","36",0
"3110","24B","37",0
"3111","24B","38",0
"3112","24B","39",0
"3113","24B","4",0
"3114","24B","40",0
"3115","24B","41A",0
"3116","24B","41F",0
"3117","24B","42",0
"3118","24B","43",0
"3119","24B","44",0
"3120","24B","45",0
"3121","24B","46",0
"3122","24B","47A",0
"3123","24B","47F",0
"3124","24B","48",0
"3125","24B","5",0
"3126","24B","6A",0
"3127","24B","6B",0
"3128","24B","6C/D",0
"3129","24B","6E",0
"3130","24B","6F",0
"3131","24B","6G",0
"3132","24B","7A",0
"3133","24B","7B/C",0
"3134","24B","7F",0
"3135","24B","8",0
"3136","24B","9A",0
"3137","24B","9L",0
"3138","24B","9N",0
"3139","24B","9V",0
"3140","24F","25A",0
"3141","24F","25F",0
"3142","24F","27",0
"3143","24F","28A",0
"3144","24F","28F",0
"3145","24F","29",0
"3146","24F","3",2
"3147","24F","31",0
"3148","24F","32A",0
"3149","24F","32F",0
"3150","24F","33A",0
"3151","24F","33B",0
"3152","24F","33C",0
"3153","24F","33D",0
"3154","24F","33F",0
"3155","24F","34",0
"3156","24F","35A",0
"3157","24F","35B",2
"3158","24F","35C",0
"3159","24F","35F",0
"3160","24F","36",0
"3161","24F","37",0
"3162","24F","38",0
"3163","24F","39",0
"3164","24F","4",1
"3165","24F","40",0
"3166","24F","41A",0
"3167","24F","41F",0
"3168","24F","42",0
"3169","24F","43",0
"3170","24F","44",0
"3171","24F","45",0
"3172","24F","46",0
"3173","24F","47A",0
"3174","24F","47F",0
"3175","24F","48",0
"3176","24F","5",0
"3177","24F","6A",1
"3178","24F","6B",2
"3179","24F","6C/D",0
"3180","24F","6E",1
"3181","24F","6F",0
"3182","24F","6G",0
"3183","24F","7A",0
"3184","24F","7B/C",2
"3185","24F","7F",1
"3186","24F","8",0
"3187","24F","9A",0
"3188","24F","9L",0
"3189","24F","9N",1
"3190","24F","9V",1
"3191","25A","25F",1
"3192","25A","27",0
"3193","25A","28A",0
"3194","25A","28F",0
"3195","25A","29",1
"3196","25A","3",0
"3197","25A","31",0
"3198","25A","32A",0
"3199","25A","32F",0
"3200","25A","33A",0
"3201","25A","33B",0
"3202","25A","33C",0
"3203","25A","33D",0
"3204","25A","33F",0
"3205","25A","34",0
"3206","25A","35A",0
"3207","25A","35B",0
"3208","25A","35C",0
"3209","25A","35F",0
"3210","25A","36",0
"3211","25A","37",0
"3212","25A","38",2
"3213","25A","39",0
"3214","25A","4",0
"3215","25A","40",0
"3216","25A","41A",0
"3217","25A","41F",0
"3218","25A","42",0
"3219","25A","43",0
"3220","25A","44",0
"3221","25A","45",0
"3222","25A","46",0
"3223","25A","47A",0
"3224","25A","47F",0
"3225","25A","48",0
"3226","25A","5",0
"3227","25A","6A",0
"3228","25A","6B",0
"3229","25A","6C/D",0
"3230","25A","6E",0
"3231","25A","6F",0
"3232","25A","6G",0
"3233","25A","7A",0
"3234","25A","7B/C",0
"3235","25A","7F",1
"3236","25A","8",0
"3237","25A","9A",0
"3238","25A","9L",0
"3239","25A","9N",0
"3240","25A","9V",0
"3241","25F","27",0
"3242","25F","28A",0
"3243","25F","28F",0
"3244","25F","29",0
"3245","25F","3",0
"3246","25F","31",0
"3247","25F","32A",0
"3248","25F","32F",0
"3249","25F","33A",0
"3250","25F","33B",0
"3251","25F","33C",0
"3252","25F","33D",0
"3253","25F","33F",0
"3254","25F","34",0
"3255","25F","35A",0
"3256","25F","35B",0
"3257","25F","35C",0
"3258","25F","35F",0
"3259","25F","36",0
"3260","25F","37",0
"3261","25F","38",1
"3262","25F","39",0
"3263","25F","4",0
"3264","25F","40",0
"3265","25F","41A",0
"3266","25F","41F",0
"3267","25F","42",0
"3268","25F","43",0
"3269","25F","44",0
"3270","25F","45",0
"3271","25F","46",0
"3272","25F","47A",0
"3273","25F","47F",0
"3274","25F","48",0
"3275","25F","5",0
"3276","25F","6A",0
"3277","25F","6B",0
"3278","25F","6C/D",0
"3279","25F","6E",0
"3280","25F","6F",0
"3281","25F","6G",0
"3282","25F","7A",0
"3283","25F","7B/C",0
"3284","25F","7F",0
"3285","25F","8",0
"3286","25F","9A",0
"3287","25F","9L",0
"3288","25F","9N",0
"3289","25F","9V",0
"3290","27","28A",0
"3291","27","28F",0
"3292","27","29",0
"3293","27","3",0
"3294","27","31",0
"3295","27","32A",0
"3296","27","32F",0
"3297","27","33A",0
"3298","27","33B",0
"3299","27","33C",0
"3300","27","33D",0
"3301","27","33F",0
"3302","27","34",0
"3303","27","35A",0
"3304","27","35B",0
"3305","27","35C",0
"3306","27","35F",0
"3307","27","36",0
"3308","27","37",0
"3309","27","38",0
"3310","27","39",0
"3311","27","4",0
"3312","27","40",0
"3313","27","41A",0
"3314","27","41F",0
"3315","27","42",0
"3316","27","43",0
"3317","27","44",0
"3318","27","45",0
"3319","27","46",0
"3320","27","47A",0
"3321","27","47F",0
"3322","27","48",0
"3323","27","5",0
"3324","27","6A",0
"3325","27","6B",0
"3326","27","6C/D",0
"3327","27","6E",0
"3328","27","6F",0
"3329","27","6G",0
"3330","27","7A",0
"3331","27","7B/C",0
"3332","27","7F",0
"3333","27","8",0
"3334","27","9A",0
"3335","27","9L",0
"3336","27","9N",0
"3337","27","9V",0
"3338","28A","28F",0
"3339","28A","29",0
"3340","28A","3",0
"3341","28A","31",0
"3342","28A","32A",0
"3343","28A","32F",0
"3344","28A","33A",0
"3345","28A","33B",0
"3346","28A","33C",0
"3347","28A","33D",0
"3348","28A","33F",0
"3349","28A","34",0
"3350","28A","35A",0
"3351","28A","35B",0
"3352","28A","35C",0
"3353","28A","35F",0
"3354","28A","36",0
"3355","28A","37",0
"3356","28A","38",0
"3357","28A","39",0
"3358","28A","4",0
"3359","28A","40",0
"3360","28A","41A",0
"3361","28A","41F",0
"3362","28A","42",0
"3363","28A","43",0
"3364","28A","44",0
"3365","28A","45",0
"3366","28A","46",0
"3367","28A","47A",0
"3368","28A","47F",0
"3369","28A","48",0
"3370","28A","5",0
"3371","28A","6A",0
"3372","28A","6B",0
"3373","28A","6C/D",0
"3374","28A","6E",0
"3375","28A","6F",0
"3376","28A","6G",0
"3377","28A","7A",0
"3378","28A","7B/C",0
"3379","28A","7F",0
"3380","28A","8",0
"3381","28A","9A",0
"3382","28A","9L",0
"3383","28A","9N",0
"3384","28A","9V",0
"3385","28F","29",0
"3386","28F","3",0
"3387","28F","31",0
"3388","28F","32A",0
"3389","28F","32F",0
"3390","28F","33A",0
"3391","28F","33B",1
"3392","28F","33C",0
"3393","28F","33D",1
"3394","28F","33F",0
"3395","28F","34",0
"3396","28F","35A",0
"3397","28F","35B",0
"3398","28F","35C",0
"3399","28F","35F",0
"3400","28F","36",0
"3401","28F","37",0
"3402","28F","38",0
"3403","28F","39",0
"3404","28F","4",0
"3405","28F","40",0
"3406","28F","41A",0
"3407","28F","41F",0
"3408","28F","42",0
"3409","28F","43",0
"3410","28F","44",0
"3411","28F","45",0
"3412","28F","46",0
"3413","28F","47A",0
"3414","28F","47F",0
"3415","28F","48",0
"3416","28F","5",0
"3417","28F","6A",0
"3418","28F","6B",0
"3419","28F","6C/D",0
"3420","28F","6E",0
"3421","28F","6F",0
"3422","28F","6G",0
"3423","28F","7A",0
"3424","28F","7B/C",0
"3425","28F","7F",0
"3426","28F","8",0
"3427","28F","9A",0
"3428","28F","9L",0
"3429","28F","9N",0
"3430","28F","9V",0
"3431","29","3",0
"3432","29","31",0
"3433","29","32A",0
"3434","29","32F",0
"3435","29","33A",0
"3436","29","33B",0
"3437","29","33C",1
"3438","29","33D",0
"3439","29","33F",0
"3440","29","34",0
"3441","29","35A",0
"3442","29","35B",7
"3443","29","35C",1
"3444","29","35F",1
"3445","29","36",0
"3446","29","37",0
"3447","29","38",0
"3448","29","39",0
"3449","29","4",0
"3450","29","40",0
"3451","29","41A",0
"3452","29","41F",0
"3453","29","42",0
"3454","29","43",0
"3455","29","44",0
"3456","29","45",0
"3457","29","46",0
"3458","29","47A",0
"3459","29","47F",0
"3460","29","48",0
"3461","29","5",0
"3462","29","6A",0
"3463","29","6B",0
"3464","29","6C/D",0
"3465","29","6E",1
"3466","29","6F",0
"3467","29","6G",0
"3468","29","7A",0
"3469","29","7B/C",0
"3470","29","7F",0
"3471","29","8",0
"3472","29","9A",0
"3473","29","9L",0
"3474","29","9N",0
"3475","29","9V",1
"3476","3","31",0
"3477","3","32A",0
"3478","3","32F",0
"3479","3","33A",2
"3480","3","33B",0
"3481","3","33C",0
"3482","3","33D",0
"3483","3","33F",3
"3484","3","34",0
"3485","3","35A",0
"3486","3","35B",1
"3487","3","35C",0
"3488","3","35F",2
"3489","3","36",0
"3490","3","37",3
"3491","3","38",1
"3492","3","39",0
"3493","3","4",1
"3494","3","40",0
"3495","3","41A",0
"3496","3","41F",0
"3497","3","42",1
"3498","3","43",0
"3499","3","44",0
"3500","3","45",0
"3501","3","46",0
"3502","3","47A",0
"3503","3","47F",0
"3504","3","48",1
"3505","3","5",0
"3506","3","6A",7
"3507","3","6B",8
"3508","3","6C/D",1
"3509","3","6E",1
"3510","3","6F",0
"3511","3","6G",0
"3512","3","7A",1
"3513","3","7B/C",1
"3514","3","7F",2
"3515","3","8",1
"3516","3","9A",2
"3517","3","9L",0
"3518","3","9N",0
"3519","3","9V",8
"3520","31","32A",0
"3521","31","32F",0
"3522","31","33A",0
"3523","31","33B",0
"3524","31","33C",0
"3525","31","33D",0
"3526","31","33F",0
"3527","31","34",0
"3528","31","35A",0
"3529","31","35B",1
"3530","31","35C",0
"3531","31","35F",0
"3532","31","36",0
"3533","31","37",0
"3534","31","38",1
"3535","31","39",0
"3536","31","4",0
"3537","31","40",0
"3538","31","41A",0
"3539","31","41F",0
"3540","31","42",0
"3541","31","43",0
"3542","31","44",0
"3543","31","45",0
"3544","31","46",0
"3545","31","47A",0
"3546","31","47F",0
"3547","31","48",0
"3548","31","5",0
"3549","31","6A",0
"3550","31","6B",0
"3551","31","6C/D",0
"3552","31","6E",0
"3553","31","6F",0
"3554","31","6G",0
"3555","31","7A",0
"3556","31","7B/C",0
"3557","31","7F",0
"3558","31","8",1
"3559","31","9A",1
"3560","31","9L",0
"3561","31","9N",1
"3562","31","9V",1
"3563","32A","32F",1
"3564","32A","33A",0
"3565","32A","33B",0
"3566","32A","33C",0
"3567","32A","33D",0
"3568","32A","33F",0
"3569","32A","34",0
"3570","32A","35A",0
"3571","32A","35B",0
"3572","32A","35C",0
"3573","32A","35F",0
"3574","32A","36",0
"3575","32A","37",0
"3576","32A","38",0
"3577","32A","39",0
"3578","32A","4",0
"3579","32A","40",0
"3580","32A","41A",0
"3581","32A","41F",0
"3582","32A","42",0
"3583","32A","43",0
"3584","32A","44",0
"3585","32A","45",0
"3586","32A","46",0
"3587","32A","47A",0
"3588","32A","47F",0
"3589","32A","48",0
"3590","32A","5",0
"3591","32A","6A",0
"3592","32A","6B",0
"3593","32A","6C/D",0
"3594","32A","6E",0
"3595","32A","6F",0
"3596","32A","6G",0
"3597","32A","7A",0
"3598","32A","7B/C",0
"3599","32A","7F",0
"3600","32A","8",0
"3601","32A","9A",0
"3602","32A","9L",0
"3603","32A","9N",0
"3604","32A","9V",0
"3605","32F","33A",0
"3606","32F","33B",0
"3607","32F","33C",0
"3608","32F","33D",0
"3609","32F","33F",0
"3610","32F","34",0
"3611","32F","35A",0
"3612","32F","35B",0
"3613","32F","35C",0
"3614","32F","35F",1
"3615","32F","36",0
"3616","32F","37",0
"3617","32F","38",0
"3618","32F","39",0
"3619","32F","4",0
"3620","32F","40",0
"3621","32F","41A",0
"3622","32F","41F",0
"3623","32F","42",0
"3624","32F","43",0
"3625","32F","44",0
"3626","32F","45",0
"3627","32F","46",0
"3628","32F","47A",0
"3629","32F","47F",0
"3630","32F","48",0
"3631","32F","5",0
"3632","32F","6A",0
"3633","32F","6B",0
"3634","32F","6C/D",0
"3635","32F","6E",0
"3636","32F","6F",0
"3637","32F","6G",0
"3638","32F","7A",0
"3639","32F","7B/C",0
"3640","32F","7F",0
"3641","32F","8",0
"3642","32F","9A",0
"3643","32F","9L",0
"3644","32F","9N",0
"3645","32F","9V",0
"3646","33A","33B",1
"3647","33A","33C",0
"3648","33A","33D",0
"3649","33A","33F",8
"3650","33A","34",0
"3651","33A","35A",0
"3652","33A","35B",0
"3653","33A","35C",0
"3654","33A","35F",1
"3655","33A","36",0
"3656","33A","37",0
"3657","33A","38",0
"3658","33A","39",0
"3659","33A","4",0
"3660","33A","40",0
"3661","33A","41A",0
"3662","33A","41F",0
"3663","33A","42",0
"3664","33A","43",0
"3665","33A","44",0
"3666","33A","45",0
"3667","33A","46",0
"3668","33A","47A",0
"3669","33A","47F",0
"3670","33A","48",0
"3671","33A","5",0
"3672","33A","6A",1
"3673","33A","6B",0
"3674","33A","6C/D",0
"3675","33A","6E",0
"3676","33A","6F",0
"3677","33A","6G",0
"3678","33A","7A",0
"3679","33A","7B/C",0
"3680","33A","7F",0
"3681","33A","8",1
"3682","33A","9A",0
"3683","33A","9L",0
"3684","33A","9N",0
"3685","33A","9V",0
"3686","33B","33C",0
"3687","33B","33D",3
"3688","33B","33F",1
"3689","33B","34",0
"3690","33B","35A",0
"3691","33B","35B",0
"3692","33B","35C",0
"3693","33B","35F",1
"3694","33B","36",0
"3695","33B","37",0
"3696","33B","38",0
"3697","33B","39",0
"3698","33B","4",0
"3699","33B","40",0
"3700","33B","41A",0
"3701","33B","41F",0
"3702","33B","42",0
"3703","33B","43",0
"3704","33B","44",0
"3705","33B","45",0
"3706","33B","46",0
"3707","33B","47A",0
"3708","33B","47F",0
"3709","33B","48",0
"3710","33B","5",0
"3711","33B","6A",2
"3712","33B","6B",1
"3713","33B","6C/D",0
"3714","33B","6E",0
"3715","33B","6F",0
"3716","33B","6G",0
"3717","33B","7A",0
"3718","33B","7B/C",0
"3719","33B","7F",0
"3720","33B","8",0
"3721","33B","9A",0
"3722","33B","9L",0
"3723","33B","9N",0
"3724","33B","9V",0
"3725","33C","33D",0
"3726","33C","33F",0
"3727","33C","34",0
"3728","33C","35A",0
"3729","33C","35B",0
"3730","33C","35C",0
"3731","33C","35F",0
"3732","33C","36",0
"3733","33C","37",0
"3734","33C","38",0
"3735","33C","39",0
"3736","33C","4",0
"3737","33C","40",0
"3738","33C","41A",0
"3739","33C","41F",0
"3740","33C","42",0
"3741","33C","43",0
"3742","33C","44",0
"3743","33C","45",0
"3744","33C","46",0
"3745","33C","47A",0
"3746","33C","47F",0
"3747","33C","48",0
"3748","33C","5",0
"3749","33C","6A",0
"3750","33C","6B",1
"3751","33C","6C/D",0
"3752","33C","6E",0
"3753","33C","6F",0
"3754","33C","6G",0
"3755","33C","7A",0
"3756","33C","7B/C",0
"3757","33C","7F",0
"3758","33C","8",0
"3759","33C","9A",0
"3760","33C","9L",0
"3761","33C","9N",0
"3762","33C","9V",0
"3763","33D","33F",0
"3764","33D","34",0
"3765","33D","35A",0
"3766","33D","35B",0
"3767","33D","35C",0
"3768","33D","35F",0
"3769","33D","36",0
"3770","33D","37",0
"3771","33D","38",0
"3772","33D","39",0
"3773","33D","4",0
"3774","33D","40",0
"3775","33D","41A",0
"3776","33D","41F",0
"3777","33D","42",0
"3778","33D","43",0
"3779","33D","44",0
"3780","33D","45",0
"3781","33D","46",0
"3782","33D","47A",0
"3783","33D","47F",0
"3784","33D","48",0
"3785","33D","5",0
"3786","33D","6A",2
"3787","33D","6B",2
"3788","33D","6C/D",0
"3789","33D","6E",0
"3790","33D","6F",0
"3791","33D","6G",0
"3792","33D","7A",0
"3793","33D","7B/C",0
"3794","33D","7F",0
"3795","33D","8",0
"3796","33D","9A",0
"3797","33D","9L",0
"3798","33D","9N",0
"3799","33D","9V",0
"3800","33F","34",0
"3801","33F","35A",0
"3802","33F","35B",0
"3803","33F","35C",0
"3804","33F","35F",1
"3805","33F","36",0
"3806","33F","37",1
"3807","33F","38",0
"3808","33F","39",0
"3809","33F","4",0
"3810","33F","40",0
"3811","33F","41A",0
"3812","33F","41F",0
"3813","33F","42",0
"3814","33F","43",0
"3815","33F","44",0
"3816","33F","45",0
"3817","33F","46",0
"3818","33F","47A",0
"3819","33F","47F",0
"3820","33F","48",0
"3821","33F","5",0
"3822","33F","6A",1
"3823","33F","6B",0
"3824","33F","6C/D",0
"3825","33F","6E",0
"3826","33F","6F",0
"3827","33F","6G",0
"3828","33F","7A",0
"3829","33F","7B/C",0
"3830","33F","7F",0
"3831","33F","8",1
"3832","33F","9A",0
"3833","33F","9L",0
"3834","33F","9N",0
"3835","33F","9V",1
"3836","34","35A",0
"3837","34","35B",0
"3838","34","35C",0
"3839","34","35F",0
"3840","34","36",0
"3841","34","37",1
"3842","34","38",0
"3843","34","39",0
"3844","34","4",0
"3845","34","40",0
"3846","34","41A",0
"3847","34","41F",0
"3848","34","42",0
"3849","34","43",0
"3850","34","44",0
"3851","34","45",0
"3852","34","46",0
"3853","34","47A",0
"3854","34","47F",0
"3855","34","48",0
"3856","34","5",1
"3857","34","6A",1
"3858","34","6B",2
"3859","34","6C/D",2
"3860","34","6E",0
"3861","34","6F",0
"3862","34","6G",0
"3863","34","7A",0
"3864","34","7B/C",0
"3865","34","7F",0
"3866","34","8",0
"3867","34","9A",0
"3868","34","9L",1
"3869","34","9N",0
"3870","34","9V",0
"3871","35A","35B",2
"3872","35A","35C",3
"3873","35A","35F",1
"3874","35A","36",0
"3875","35A","37",0
"3876","35A","38",0
"3877","35A","39",0
"3878","35A","4",0
"3879","35A","40",0
"3880","35A","41A",0
"3881","35A","41F",0
"3882","35A","42",0
"3883","35A","43",0
"3884","35A","44",0
"3885","35A","45",0
"3886","35A","46",0
"3887","35A","47A",0
"3888","35A","47F",0
"3889","35A","48",0
"3890","35A","5",0
"3891","35A","6A",0
"3892","35A","6B",0
"3893","35A","6C/D",0
"3894","35A","6E",0
"3895","35A","6F",0
"3896","35A","6G",0
"3897","35A","7A",0
"3898","35A","7B/C",0
"3899","35A","7F",0
"3900","35A","8",0
"3901","35A","9A",0
"3902","35A","9L",0
"3903","35A","9N",0
"3904","35A","9V",3
"3905","35B","35C",2
"3906","35B","35F",0
"3907","35B","36",0
"3908","35B","37",0
"3909","35B","38",1
"3910","35B","39",0
"3911","35B","4",2
"3912","35B","40",0
"3913","35B","41A",0
"3914","35B","41F",0
"3915","35B","42",0
"3916","35B","43",0
"3917","35B","44",0
"3918","35B","45",0
"3919","35B","46",0
"3920","35B","47A",0
"3921","35B","47F",0
"3922","35B","48",0
"3923","35B","5",0
"3924","35B","6A",6
"3925","35B","6B",5
"3926","35B","6C/D",3
"3927","35B","6E",0
"3928","35B","6F",0
"3929","35B","6G",0
"3930","35B","7A",1
"3931","35B","7B/C",1
"3932","35B","7F",0
"3933","35B","8",0
"3934","35B","9A",1
"3935","35B","9L",0
"3936","35B","9N",1
"3937","35B","9V",5
"3938","35C","35F",2
"3939","35C","36",1
"3940","35C","37",0
"3941","35C","38",0
"3942","35C","39",0
"3943","35C","4",0
"3944","35C","40",0
"3945","35C","41A",0
"3946","35C","41F",0
"3947","35C","42",4
"3948","35C","43",0
"3949","35C","44",0
"3950","35C","45",0
"3951","35C","46",0
"3952","35C","47A",0
"3953","35C","47F",0
"3954","35C","48",0
"3955","35C","5",0
"3956","35C","6A",0
"3957","35C","6B",0
"3958","35C","6C/D",0
"3959","35C","6E",0
"3960","35C","6F",0
"3961","35C","6G",0
"3962","35C","7A",0
"3963","35C","7B/C",0
"3964","35C","7F",0
"3965","35C","8",0
"3966","35C","9A",0
"3967","35C","9L",0
"3968","35C","9N",0
"3969","35C","9V",1
"3970","35F","36",0
"3971","35F","37",0
"3972","35F","38",0
"3973","35F","39",0
"3974","35F","4",0
"3975","35F","40",0
"3976","35F","41A",0
"3977","35F","41F",0
"3978","35F","42",0
"3979","35F","43",0
"3980","35F","44",0
"3981","35F","45",0
"3982","35F","46",0
"3983","35F","47A",0
"3984","35F","47F",0
"3985","35F","48",0
"3986","35F","5",0
"3987","35F","6A",1
"3988","35F","6B",0
"3989","35F","6C/D",0
"3990","35F","6E",0
"3991","35F","6F",0
"3992","35F","6G",0
"3993","35F","7A",0
"3994","35F","7B/C",0
"3995","35F","7F",1
"3996","35F","8",0
"3997","35F","9A",0
"3998","35F","9L",0
"3999","35F","9N",0
"4000","35F","9V",0
"4001","36","37",0
"4002","36","38",0
"4003","36","39",0
"4004","36","4",0
"4005","36","40",0
"4006","36","41A",0
"4007","36","41F",0
"4008","36","42",0
"4009","36","43",0
"4010","36","44",0
"4011","36","45",0
"4012","36","46",0
"4013","36","47A",0
"4014","36","47F",0
"4015","36","48",0
"4016","36","5",0
"4017","36","6A",0
"4018","36","6B",0
"4019","36","6C/D",0
"4020","36","6E",0
"4021","36","6F",0
"4022","36","6G",0
"4023","36","7A",0
"4024","36","7B/C",0
"4025","36","7F",0
"4026","36","8",0
"4027","36","9A",0
"4028","36","9L",0
"4029","36","9N",0
"4030","36","9V",0
"4031","37","38",0
"4032","37","39",0
"4033","37","4",0
"4034","37","40",0
"4035","37","41A",0
"4036","37","41F",0
"4037","37","42",0
"4038","37","43",0
"4039","37","44",0
"4040","37","45",0
"4041","37","46",0
"4042","37","47A",0
"4043","37","47F",0
"4044","37","48",0
"4045","37","5",0
"4046","37","6A",1
"4047","37","6B",1
"4048","37","6C/D",0
"4049","37","6E",0
"4050","37","6F",0
"4051","37","6G",0
"4052","37","7A",0
"4053","37","7B/C",0
"4054","37","7F",0
"4055","37","8",0
"4056","37","9A",0
"4057","37","9L",0
"4058","37","9N",0
"4059","37","9V",0
"4060","38","39",0
"4061","38","4",1
"4062","38","40",0
"4063","38","41A",0
"4064","38","41F",0
"4065","38","42",0
"4066","38","43",0
"4067","38","44",0
"4068","38","45",0
"4069","38","46",0
"4070","38","47A",0
"4071","38","47F",0
"4072","38","48",0
"4073","38","5",0
"4074","38","6A",0
"4075","38","6B",0
"4076","38","6C/D",0
"4077","38","6E",0
"4078","38","6F",0
"4079","38","6G",0
"4080","38","7A",1
"4081","38","7B/C",0
"4082","38","7F",2
"4083","38","8",0
"4084","38","9A",1
"4085","38","9L",0
"4086","38","9N",0
"4087","38","9V",1
"4088","39","4",0
"4089","39","40",0
"4090","39","41A",0
"4091","39","41F",0
"4092","39","42",0
"4093","39","43",0
"4094","39","44",0
"4095","39","45",0
"4096","39","46",0
"4097","39","47A",0
"4098","39","47F",0
"4099","39","48",0
"4100","39","5",0
"4101","39","6A",0
"4102","39","6B",0
"4103","39","6C/D",0
"4104","39","6E",0
"4105","39","6F",0
"4106","39","6G",0
"4107","39","7A",0
"4108","39","7B/C",0
"4109","39","7F",0
"4110","39","8",0
"4111","39","9A",0
"4112","39","9L",0
"4113","39","9N",0
"4114","39","9V",0
"4115","4","40",0
"4116","4","41A",0
"4117","4","41F",0
"4118","4","42",0
"4119","4","43",0
"4120","4","44",0
"4121","4","45",0
"4122","4","46",0
"4123","4","47A",0
"4124","4","47F",0
"4125","4","48",0
"4126","4","5",1
"4127","4","6A",0
"4128","4","6B",2
"4129","4","6C/D",0
"4130","4","6E",0
"4131","4","6F",0
"4132","4","6G",0
"4133","4","7A",0
"4134","4","7B/C",0
"4135","4","7F",2
"4136","4","8",1
"4137","4","9A",0
"4138","4","9L",1
"4139","4","9N",3
"4140","4","9V",3
"4141","40","41A",0
"4142","40","41F",0
"4143","40","42",0
"4144","40","43",0
"4145","40","44",0
"4146","40","45",0
"4147","40","46",0
"4148","40","47A",0
"4149","40","47F",0
"4150","40","48",0
"4151","40","5",0
"4152","40","6A",0
"4153","40","6B",0
"4154","40","6C/D",0
"4155","40","6E",0
"4156","40","6F",0
"4157","40","6G",0
"4158","40","7A",0
"4159","40","7B/C",0
"4160","40","7F",0
"4161","40","8",0
"4162","40","9A",0
"4163","40","9L",0
"4164","40","9N",0
"4165","40","9V",0
"4166","41A","41F",0
"4167","41A","42",0
"4168","41A","43",0
"4169","41A","44",0
"4170","41A","45",0
"4171","41A","46",0
"4172","41A","47A",0
"4173","41A","47F",0
"4174","41A","48",0
"4175","41A","5",0
"4176","41A","6A",0
"4177","41A","6B",0
"4178","41A","6C/D",0
"4179","41A","6E",0
"4180","41A","6F",0
"4181","41A","6G",0
"4182","41A","7A",0
"4183","41A","7B/C",0
"4184","41A","7F",0
"4185","41A","8",0
"4186","41A","9A",0
"4187","41A","9L",0
"4188","41A","9N",0
"4189","41A","9V",0
"4190","41F","42",0
"4191","41F","43",0
"4192","41F","44",0
"4193","41F","45",0
"4194","41F","46",0
"4195","41F","47A",0
"4196","41F","47F",0
"4197","41F","48",0
"4198","41F","5",0
"4199","41F","6A",0
"4200","41F","6B",0
"4201","41F","6C/D",0
"4202","41F","6E",0
"4203","41F","6F",0
"4204","41F","6G",0
"4205","41F","7A",0
"4206","41F","7B/C",0
"4207","41F","7F",0
"4208","41F","8",0
"4209","41F","9A",0
"4210","41F","9L",0
"4211","41F","9N",0
"4212","41F","9V",0
"4213","42","43",0
"4214","42","44",0
"4215","42","45",0
"4216","42","46",0
"4217","42","47A",0
"4218","42","47F",0
"4219","42","48",0
"4220","42","5",0
"4221","42","6A",1
"4222","42","6B",1
"4223","42","6C/D",0
"4224","42","6E",0
"4225","42","6F",0
"4226","42","6G",0
"4227","42","7A",0
"4228","42","7B/C",0
"4229","42","7F",0
"4230","42","8",0
"4231","42","9A",0
"4232","42","9L",0
"4233","42","9N",0
"4234","42","9V",1
"4235","43","44",0
"4236","43","45",0
"4237","43","46",0
"4238","43","47A",0
"4239","43","47F",0
"4240","43","48",0
"4241","43","5",0
"4242","43","6A",0
"4243","43","6B",0
"4244","43","6C/D",0
"4245","43","6E",0
"4246","43","6F",0
"4247","43","6G",0
"4248","43","7A",0
"4249","43","7B/C",0
"4250","43","7F",0
"4251","43","8",0
"4252","43","9A",0
"4253","43","9L",0
"4254","43","9N",0
"4255","43","9V",0
"4256","44","45",0
"4257","44","46",0
"4258","44","47A",0
"4259","44","47F",0
"4260","44","48",0
"4261","44","5",0
"4262","44","6A",0
"4263","44","6B",0
"4264","44","6C/D",0
"4265","44","6E",0
"4266","44","6F",0
"4267","44","6G",0
"4268","44","7A",0
"4269","44","7B/C",0
"4270","44","7F",0
"4271","44","8",0
"4272","44","9A",0
"4273","44","9L",0
"4274","44","9N",0
"4275","44","9V",0
"4276","45","46",0
"4277","45","47A",0
"4278","45","47F",0
"4279","45","48",0
"4280","45","5",0
"4281","45","6A",0
"4282","45","6B",0
"4283","45","6C/D",0
"4284","45","6E",0
"4285","45","6F",0
"4286","45","6G",0
"4287","45","7A",0
"4288","45","7B/C",0
"4289","45","7F",0
"4290","45","8",0
"4291","45","9A",0
"4292","45","9L",0
"4293","45","9N",0
"4294","45","9V",0
"4295","46","47A",0
"4296","46","47F",0
"4297","46","48",0
"4298","46","5",0
"4299","46","6A",0
"4300","46","6B",1
"4301","46","6C/D",0
"4302","46","6E",0
"4303","46","6F",0
"4304","46","6G",0
"4305","46","7A",0
"4306","46","7B/C",0
"4307","46","7F",0
"4308","46","8",0
"4309","46","9A",0
"4310","46","9L",0
"4311","46","9N",0
"4312","46","9V",0
"4313","47A","47F",0
"4314","47A","48",0
"4315","47A","5",0
"4316","47A","6A",0
"4317","47A","6B",0
"4318","47A","6C/D",0
"4319","47A","6E",0
"4320","47A","6F",0
"4321","47A","6G",0
"4322","47A","7A",0
"4323","47A","7B/C",0
"4324","47A","7F",0
"4325","47A","8",0
"4326","47A","9A",0
"4327","47A","9L",0
"4328","47A","9N",0
"4329","47A","9V",0
"4330","47F","48",0
"4331","47F","5",0
"4332","47F","6A",0
"4333","47F","6B",0
"4334","47F","6C/D",0
"4335","47F","6E",0
"4336","47F","6F",0
"4337","47F","6G",0
"4338","47F","7A",0
"4339","47F","7B/C",0
"4340","47F","7F",0
"4341","47F","8",0
"4342","47F","9A",0
"4343","47F","9L",0
"4344","47F","9N",0
"4345","47F","9V",0
"4346","48","5",0
"4347","48","6A",0
"4348","48","6B",0
"4349","48","6C/D",0
"4350","48","6E",0
"4351","48","6F",0
"4352","48","6G",0
"4353","48","7A",0
"4354","48","7B/C",0
"4355","48","7F",0
"4356","48","8",0
"4357","48","9A",0
"4358","48","9L",0
"4359","48","9N",0
"4360","48","9V",0
"4361","5","6A",1
"4362","5","6B",0
"4363","5","6C/D",0
"4364","5","6E",0
"4365","5","6F",0
"4366","5","6G",0
"4367","5","7A",0
"4368","5","7B/C",0
"4369","5","7F",0
"4370","5","8",0
"4371","5","9A",0
"4372","5","9L",0
"4373","5","9N",0
"4374","5","9V",0
"4375","6A","6B",73
"4376","6A","6C/D",58
"4377","6A","6E",11
"4378","6A","6F",2
"4379","6A","6G",1
"4380","6A","7A",0
"4381","6A","7B/C",0
"4382","6A","7F",1
"4383","6A","8",1
"4384","6A","9A",1
"4385","6A","9L",0
"4386","6A","9N",0
"4387","6A","9V",5
"4388","6B","6C/D",31
"4389","6B","6E",36
"4390","6B","6F",0
"4391","6B","6G",1
"4392","6B","7A",0
"4393","6B","7B/C",1
"4394","6B","7F",3
"4395","6B","8",3
"4396","6B","9A",3
"4397","6B","9L",0
"4398","6B","9N",1
"4399","6B","9V",9
"4400","6C/D","6E",3
"4401","6C/D","6F",2
"4402","6C/D","6G",1
"4403","6C/D","7A",0
"4404","6C/D","7B/C",0
"4405","6C/D","7F",1
"4406","6C/D","8",1
"4407","6C/D","9A",0
"4408","6C/D","9L",0
"4409","6C/D","9N",0
"4410","6C/D","9V",0
"4411","6E","6F",0
"4412","6E","6G",0
"4413","6E","7A",0
"4414","6E","7B/C",0
"4415","6E","7F",0
"4416","6E","8",0
"4417","6E","9A",0
"4418","6E","9L",0
"4419","6E","9N",0
"4420","6E","9V",0
"4421","6F","6G",0
"4422","6F","7A",0
"4423","6F","7B/C",0
"4424","6F","7F",0
"4425","6F","8",0
"4426","6F","9A",0
"4427","6F","9L",0
"4428","6F","9N",0
"4429","6F","9V",0
"4430","6G","7A",0
"4431","6G","7B/C",0
"4432","6G","7F",0
"4433","6G","8",0
"4434","6G","9A",0
"4435","6G","9L",0
"4436","6G","9N",0
"4437","6G","9V",0
"4438","7A","7B/C",0
"4439","7A","7F",3
"4440","7A","8",0
"4441","7A","9A",0
"4442","7A","9L",0
"4443","7A","9N",0
"4444","7A","9V",0
"4445","7B/C","7F",0
"4446","7B/C","8",0
"4447","7B/C","9A",0
"4448","7B/C","9L",0
"4449","7B/C","9N",0
"4450","7B/C","9V",1
"4451","7F","8",0
"4452","7F","9A",0
"4453","7F","9L",0
"4454","7F","9N",1
"4455","7F","9V",2
"4456","8","9A",0
"4457","8","9L",0
"4458","8","9N",0
"4459","8","9V",1
"4460","9A","9L",1
"4461","9A","9N",0
"4462","9A","9V",10
"4463","9L","9N",6
"4464","9L","9V",1
"4465","9N","9V",4
