"","Serotype1","Serotype2","Freq","025tile","975tile"
"1","1","10A",4,0,9
"2","1","10B",1,0,5
"3","1","10C",1,0,2
"4","1","10F",1,0,4
"5","1","11A",6,0,10
"6","1","11B",1,0,3
"7","1","11C",2,0,3
"8","1","11D",1,0,1
"9","1","11E",1,0,1
"10","1","11F",1,0,2
"11","1","12A",1,0,4
"12","1","12B",1,0,3
"13","1","12F",5,0,7
"14","1","13",6,0,9
"15","1","14",13,1,14
"16","1","15A",7,0,11
"17","1","15B/C",9,1,11.025
"18","1","15F",4,0,5
"19","1","16A",1,0,2
"20","1","16F",2,0,9
"22","1","17F",4,0,6
"23","1","18A",1,0,5
"24","1","18B",1,0,4
"25","1","18C",6,0,8
"26","1","18F",1,0,4
"27","1","19A",12,4,26
"28","1","19B",1,0,4
"29","1","19C",1,0,3
"30","1","19F",15,4,23.025
"31","1","2",1,0,2
"34","1","21",5,0,7
"35","1","22A",3,0,5
"36","1","22F",4,0,7
"37","1","23A",6,0,8
"38","1","23B",6,0,7
"39","1","23F",8,2,18
"40","1","24A",1,0,2
"41","1","24B",2,0,2
"42","1","24F",2,0,5
"45","1","27",1,0,3
"48","1","29",4,0,6
"49","1","3",12,1,13
"50","1","31",2,0,4
"56","1","33F",2,0,5
"57","1","34",4,0,9
"59","1","35B",3,0,8
"60","1","35C",1,0,6
"61","1","35F",2,0,7
"62","1","36",1,0,3
"63","1","37",3,0,4
"64","1","38",6,0,5
"66","1","4",11,1,13
"67","1","40",1,0,2
"70","1","42",1,0,4
"72","1","45",1,0,2.02499999999998
"73","1","46",1,0,2
"77","1","5",5,0,5
"78","1","6A",13,5,26
"79","1","6B",10,5,26
"80","1","6C/D",7,2,16
"81","1","6E",4,0,5
"82","1","6F",1,0,2
"83","1","6G",1,0,1
"84","1","7A",1,0,3
"85","1","7B/C",3,0,6
"86","1","7F",4,0,7
"87","1","8",3,0,8
"88","1","9A",1,0,3
"89","1","9L",2,0,5
"90","1","9N",3,0,6
"91","1","9V",8,0,8
"92","10A","10B",7,0,5
"93","10A","10C",2,0,2
"94","10A","10F",2,0,5
"95","10A","11A",4,0,11
"97","10A","11C",2,0,3
"98","10A","11D",1,0,1
"99","10A","11E",1,0,2
"100","10A","11F",1,0,2
"101","10A","12A",1,0,4
"103","10A","12F",4,0,7
"104","10A","13",4,0,9
"105","10A","14",4,1.975,15
"106","10A","15A",4,1,12
"107","10A","15B/C",5,1,13
"108","10A","15F",3,0,6
"109","10A","16A",1,0,2
"110","10A","16F",1,0,10
"112","10A","17F",3,0,6
"113","10A","18A",1,0,5
"114","10A","18B",2,0,4
"115","10A","18C",2,0,10
"116","10A","18F",2,0,4
"117","10A","19A",9,5,28
"118","10A","19B",1,0,4
"119","10A","19C",1,0,3
"120","10A","19F",7,5,27
"121","10A","2",1,0,2
"124","10A","21",3,0,7
"125","10A","22A",2,0,5
"126","10A","22F",5,0,8
"127","10A","23A",3,0,9
"128","10A","23B",4,0,7
"129","10A","23F",7,3,20
"130","10A","24A",1,0,3
"131","10A","24B",2,0,2
"132","10A","24F",3,0,5.02499999999998
"138","10A","29",3,0,7
"139","10A","3",7,1,14
"140","10A","31",2,0,4
"144","10A","33C",1,0,2
"147","10A","34",3,0,10
"149","10A","35B",2,0,9
"150","10A","35C",1,0,6.02499999999998
"151","10A","35F",2,0,8
"152","10A","36",1,0,3
"153","10A","37",1,0,4
"154","10A","38",1,0,5
"155","10A","39",1,0,3
"156","10A","4",3,1.975,14
"160","10A","42",2,0,4
"168","10A","6A",9,6,29
"169","10A","6B",9,6,28.025
"170","10A","6C/D",7,2,19
"171","10A","6E",2,0,6
"172","10A","6F",2,0,2
"173","10A","6G",1,0,1
"175","10A","7B/C",2,0,7
"176","10A","7F",5,0,8
"177","10A","8",2,0,8
"178","10A","9A",2,0,4
"179","10A","9L",2,0,5
"180","10A","9N",1,0,6
"181","10A","9V",6,0,10
"182","10B","10C",1,0,1
"183","10B","10F",2,0,2
"184","10B","11A",1,0,6
"190","10B","12A",1,0,2
"193","10B","13",2,0,5
"194","10B","14",1,0,8
"195","10B","15A",3,0,6
"196","10B","15B/C",1,0,6
"197","10B","15F",1,0,3
"201","10B","17F",1,0,3
"203","10B","18B",1,0,2
"204","10B","18C",1,0,5
"205","10B","18F",1,0,2
"206","10B","19A",3,0,13
"209","10B","19F",3,0,13
"213","10B","21",1,0,4
"214","10B","22A",1,0,3
"215","10B","22F",2,0,4
"218","10B","23F",3,0,10
"221","10B","24F",1,0,2
"227","10B","29",2,0,3
"228","10B","3",3,0,7
"232","10B","33B",1,0,2
"236","10B","34",1,0,5
"238","10B","35B",1,0,4
"239","10B","35C",2,0,4
"240","10B","35F",1,0,4
"241","10B","36",1,0,2
"242","10B","37",1,0,2
"244","10B","39",1,0,2
"245","10B","4",1,0,7
"249","10B","42",1,0,2
"257","10B","6A",4,1,14
"258","10B","6B",3,1,15
"259","10B","6C/D",2,0,8
"260","10B","6E",1,0,3
"263","10B","7A",1,0,2
"265","10B","7F",2,0,4
"270","10B","9V",2,0,5
"271","10C","10F",2,0,1
"272","10C","11A",1,0,2
"274","10C","11C",1,0,1
"277","10C","11F",1,0,0
"280","10C","12F",1,0,2
"281","10C","13",1,0,2
"282","10C","14",2,0,3
"283","10C","15A",1,0,2
"284","10C","15B/C",1,0,3
"285","10C","15F",1,0,1
"286","10C","16A",1,0,0
"289","10C","17F",1,0,1
"290","10C","18A",1,0,1
"291","10C","18B",1,0,1
"292","10C","18C",1,0,2
"293","10C","18F",1,0,1
"294","10C","19A",1,0,4
"295","10C","19B",1,0,1
"296","10C","19C",1,0,1
"297","10C","19F",1,0,5
"298","10C","2",1,0,0
"301","10C","21",1,0,1
"302","10C","22A",1,0,1
"303","10C","22F",1,0,1
"304","10C","23A",1,0,2
"305","10C","23B",1,0,2
"306","10C","23F",2,0,4
"308","10C","24B",1,0,0.0249999999999773
"309","10C","24F",1,0,1
"315","10C","29",1,0,2
"316","10C","3",2,0,3
"317","10C","31",1,0,1
"324","10C","34",1,0,2
"326","10C","35B",1,0,2
"328","10C","35F",1,0,2
"331","10C","38",1,0,1
"332","10C","39",1,0,1
"333","10C","4",1,0,2
"337","10C","42",1,0,1
"345","10C","6A",1,0,5
"346","10C","6B",1,0,6
"347","10C","6C/D",1,0,3
"348","10C","6E",1,0,1
"349","10C","6F",1,0,0.0249999999999773
"350","10C","6G",1,0,0
"352","10C","7B/C",1,0,1
"353","10C","7F",2,0,2
"354","10C","8",1,0,2
"355","10C","9A",1,0,1
"356","10C","9L",1,0,1
"357","10C","9N",1,0,1
"358","10C","9V",1,0,2
"359","10F","11A",1,0,5
"361","10F","11C",1,0,2
"364","10F","11F",1,0,1
"367","10F","12F",1,0,4
"368","10F","13",1,0,4
"369","10F","14",2,0,6
"370","10F","15A",2,0,5
"371","10F","15B/C",1,0,6
"372","10F","15F",1,0,3
"373","10F","16A",1,0,1
"376","10F","17F",1,0,3
"377","10F","18A",1,0,2
"378","10F","18B",1,0,2
"379","10F","18C",1,0,4
"380","10F","18F",1,0,2
"381","10F","19A",1,0,12
"382","10F","19B",1,0,2
"383","10F","19C",1,0,1
"384","10F","19F",1,0,10.025
"385","10F","2",1,0,1
"388","10F","21",1,0,3
"389","10F","22A",1,0,2
"390","10F","22F",2,0,3
"391","10F","23A",1,0,4
"392","10F","23B",1,0,3
"393","10F","23F",2,0,8
"395","10F","24B",1,0,1
"396","10F","24F",1,0,3
"399","10F","27",1,0,1
"402","10F","29",3,0,3
"403","10F","3",3,0,6
"404","10F","31",1,0,2
"410","10F","33F",1,0,3
"411","10F","34",1,0,4
"413","10F","35B",3,0,4
"414","10F","35C",2,0,3
"415","10F","35F",2,0,3
"416","10F","36",1,0,2
"418","10F","38",1,0,2
"419","10F","39",1,0,1
"420","10F","4",1,0,6
"421","10F","40",1,0,1
"424","10F","42",1,0,2
"432","10F","6A",1,0,12
"433","10F","6B",1,0,13
"434","10F","6C/D",1,0,7.02499999999998
"435","10F","6E",1,0,3
"436","10F","6F",1,0,1
"437","10F","6G",1,0,1
"438","10F","7A",1,0,1
"439","10F","7B/C",1,0,3
"440","10F","7F",2,0,3
"441","10F","8",1,0,4
"442","10F","9A",1,0,2
"443","10F","9L",1,0,2
"444","10F","9N",1,0,3
"445","10F","9V",1,0,4
"446","11A","11B",1,0,4
"447","11A","11C",3,0,3
"448","11A","11D",1,0,1
"449","11A","11E",1,0,1
"450","11A","11F",1,0,2
"451","11A","12A",1,0,4
"453","11A","12F",5,0,8
"454","11A","13",5,0,9
"455","11A","14",8,1,16
"456","11A","15A",10,1,11
"457","11A","15B/C",8,1,13
"458","11A","15F",6,0,6
"459","11A","16A",1,0,2
"460","11A","16F",4,0,10
"462","11A","17F",3,0,7
"463","11A","18A",4,0,5
"464","11A","18B",2,0,4
"465","11A","18C",8,0,10
"466","11A","18F",1,0,4
"467","11A","19A",15,6,30
"468","11A","19B",2,0,5
"469","11A","19C",1,0,3
"470","11A","19F",14,5,27
"471","11A","2",1,0,2
"474","11A","21",4,0,7.02499999999998
"475","11A","22A",3,0,6
"476","11A","22F",5,0,8
"477","11A","23A",9,0,10
"478","11A","23B",4,0,7
"479","11A","23F",11,3,21.025
"481","11A","24B",1,0,2
"482","11A","24F",1,0,5
"483","11A","25A",1,0,3
"487","11A","28F",1,0,3
"488","11A","29",3,0,7
"489","11A","3",10,1,15
"490","11A","31",5,0,4
"492","11A","33A",2,0,2
"493","11A","33B",1,0,5
"496","11A","33F",3,0,6
"497","11A","34",4,0,10
"498","11A","35A",6,0,5
"499","11A","35B",4,0,9
"500","11A","35C",3,0,7
"501","11A","35F",4,0,8
"502","11A","36",1,0,3
"503","11A","37",2,0,5
"504","11A","38",3,0,5.02499999999998
"506","11A","4",7,1,15
"510","11A","42",1,0,4
"512","11A","45",1,0,3
"518","11A","6A",10,6,30
"519","11A","6B",10,6,30
"520","11A","6C/D",9,2,18.025
"521","11A","6E",3,0,7
"522","11A","6F",2,0,2
"523","11A","6G",1,0,1
"525","11A","7B/C",3,0,7
"526","11A","7F",5,0,8
"527","11A","8",6,0,9
"528","11A","9A",2,0,4
"529","11A","9L",2,0,5
"530","11A","9N",4,0,7
"531","11A","9V",11,0,10
"532","11B","11C",1,0,1
"540","11B","14",2,0,5
"552","11B","19A",1,0,8
"555","11B","19F",2,0,8
"564","11B","23F",1,0,6
"574","11B","3",1,0,4.02499999999998
"578","11B","33B",1,0,1
"580","11B","33D",1,0,1
"589","11B","38",1,0,2
"591","11B","4",1,0,4
"603","11B","6A",1,0,8
"604","11B","6B",1,0,8.02499999999998
"605","11B","6C/D",1,0,5
"611","11B","7F",1,0,2
"616","11B","9V",1,0,3
"619","11C","11F",1,0,1
"622","11C","12F",2,0,2
"623","11C","13",3,0,3
"624","11C","14",3,0,4
"625","11C","15A",1,0,4
"626","11C","15B/C",2,0,4
"627","11C","15F",1,0,2
"628","11C","16A",1,0,1
"631","11C","17F",2,0,2
"632","11C","18A",2,0,2
"633","11C","18B",1,0,1
"634","11C","18C",2,0,3
"635","11C","18F",1,0,2
"636","11C","19A",3,0,8
"637","11C","19B",1,0,2
"638","11C","19C",1,0,1
"639","11C","19F",3,0,7
"640","11C","2",1,0,1
"643","11C","21",1,0,2
"644","11C","22A",1,0,2
"645","11C","22F",2,0,2
"646","11C","23A",2,0,3
"647","11C","23B",2,0,2
"648","11C","23F",2,0,6
"649","11C","24A",1,0,1
"650","11C","24B",2,0,1
"651","11C","24F",2,0,2
"657","11C","29",2,0,2
"658","11C","3",2,0,4
"659","11C","31",1,0,1.02499999999998
"666","11C","34",1,0,3
"667","11C","35A",1,0,2
"668","11C","35B",2,0,3
"669","11C","35C",2,0,2
"670","11C","35F",1,0,2
"673","11C","38",1,0,2
"675","11C","4",1,0,4
"679","11C","42",1,0,1
"687","11C","6A",2,0,8
"688","11C","6B",3,0,8
"689","11C","6C/D",3,0,5
"690","11C","6E",1,0,2
"691","11C","6F",1,0,1
"692","11C","6G",1,0,0
"694","11C","7B/C",2,0,2
"695","11C","7F",1,0,2
"696","11C","8",1,0,2
"697","11C","9A",1,0,1
"698","11C","9L",1,0,2
"699","11C","9N",1,0,2
"700","11C","9V",4,0,3
"701","11D","11E",1,0,0
"705","11D","12F",1,0,1
"707","11D","14",1,0,2
"708","11D","15A",1,0,2
"709","11D","15B/C",1,0,2
"710","11D","15F",1,0,1
"719","11D","19A",1,0,4
"722","11D","19F",1,0,3
"726","11D","21",1,0,1
"728","11D","22F",1,0,1
"729","11D","23A",1,0,1
"730","11D","23B",1,0,1
"731","11D","23F",1,0,2
"741","11D","3",1,0,2
"742","11D","31",1,0,1
"749","11D","34",1,0,1
"751","11D","35B",1,0,1
"754","11D","36",1,0,0
"758","11D","4",1,0,2
"770","11D","6A",1,0,3
"771","11D","6B",1,0,4
"772","11D","6C/D",1,0,2
"779","11D","8",1,0,1
"781","11D","9L",1,0,1
"783","11D","9V",1,0,1
"787","11E","12F",1,0,1
"789","11E","14",1,0,2
"790","11E","15A",1,0,1
"791","11E","15B/C",1,0,2
"792","11E","15F",1,0,1
"801","11E","19A",1,0,3
"804","11E","19F",1,0,3
"808","11E","21",1,0,1
"810","11E","22F",1,0,1
"811","11E","23A",1,0,1
"812","11E","23B",1,0,1
"813","11E","23F",1,0,3
"823","11E","3",1,0,2
"824","11E","31",1,0,1
"831","11E","34",1,0,2
"833","11E","35B",1,0,1
"836","11E","36",1,0,0
"840","11E","4",1,0,2
"852","11E","6A",1,0,4
"853","11E","6B",1,0,4
"854","11E","6C/D",1,0,2
"861","11E","8",1,0,1
"863","11E","9L",1,0,1
"865","11E","9V",1,0,1
"868","11F","12F",1,0,1
"869","11F","13",1,0,2
"870","11F","14",1,0,3
"871","11F","15A",1,0,2
"872","11F","15B/C",1,0,2
"873","11F","15F",1,0,1
"874","11F","16A",1,0,0
"877","11F","17F",1,0,1
"878","11F","18A",1,0,1
"879","11F","18B",1,0,1
"880","11F","18C",1,0,2
"881","11F","18F",1,0,1
"882","11F","19A",1,0,5
"883","11F","19B",1,0,1
"884","11F","19C",1,0,1
"885","11F","19F",1,0,5
"886","11F","2",1,0,0
"889","11F","21",1,0,1
"890","11F","22A",1,0,1
"891","11F","22F",1,0,2
"892","11F","23A",1,0,2
"893","11F","23B",1,0,1
"894","11F","23F",1,0,4
"896","11F","24B",1,0,0
"897","11F","24F",1,0,1
"903","11F","29",1,0,1
"904","11F","3",1,0,2.02499999999998
"905","11F","31",1,0,1
"912","11F","34",1,0,2
"914","11F","35B",1,0,2
"916","11F","35F",1,0,1.02499999999998
"919","11F","38",1,0,1
"921","11F","4",1,0,3
"925","11F","42",1,0,1
"933","11F","6A",1,0,5
"934","11F","6B",1,0,5
"935","11F","6C/D",1,0,3
"936","11F","6E",1,0,1
"937","11F","6F",1,0,0
"938","11F","6G",1,0,0
"940","11F","7B/C",1,0,1
"941","11F","7F",1,0,1
"942","11F","8",1,0,1.02499999999998
"943","11F","9A",1,0,1
"944","11F","9L",1,0,1
"945","11F","9N",1,0,1
"946","11F","9V",1,0,2
"947","12A","12B",1,0,1
"948","12A","12F",2,0,3
"949","12A","13",1,0,3
"950","12A","14",1,0,5
"951","12A","15A",1,0,4
"952","12A","15B/C",1,0,4
"953","12A","15F",1,0,2
"962","12A","19A",1,0,10
"965","12A","19F",1,0,9
"969","12A","21",1,0,3
"974","12A","23F",1,0,7
"983","12A","29",1,0,3
"984","12A","3",1,0,5
"998","12A","37",1,0,2
"1008","12A","46",1,0,1
"1013","12A","6A",1,0,10
"1014","12A","6B",1,0,10
"1015","12A","6C/D",1,0,6
"1016","12A","6E",1,0,2
"1026","12A","9V",1,0,3
"1027","12B","12F",4,0,2
"1031","12B","15B/C",1,0,3
"1050","12B","22F",1,0,2
"1063","12B","3",1,0,4
"1075","12B","35F",1,0,2
"1080","12B","4",1,0,4
"1081","12B","40",1,0,1
"1087","12B","46",1,0,1
"1093","12B","6B",2,0,8
"1094","12B","6C/D",1,0,5
"1098","12B","7A",1,0,1
"1100","12B","7F",1,0,3
"1103","12B","9L",1,0,2
"1104","12B","9N",1,0,2
"1106","12F","13",3,0,7
"1107","12F","14",3,1,10
"1108","12F","15A",4,0,8
"1109","12F","15B/C",6,0,10
"1110","12F","15F",2,0,4
"1111","12F","16A",1,0,1
"1112","12F","16F",2,0,7
"1114","12F","17F",2,0,5
"1115","12F","18A",1,0,4
"1116","12F","18B",2,0,3
"1117","12F","18C",3,0,7
"1118","12F","18F",1,0,3
"1119","12F","19A",7,2,19
"1120","12F","19B",1,0,3
"1121","12F","19C",1,0,2.02499999999998
"1122","12F","19F",6,2,19
"1123","12F","2",1,0,2
"1126","12F","21",2,0,6
"1127","12F","22A",1,0,4
"1128","12F","22F",5,0,5.02499999999998
"1129","12F","23A",4,0,6
"1130","12F","23B",4,0,6
"1131","12F","23F",5,1,15
"1132","12F","24A",1,0,2
"1133","12F","24B",2,0,1
"1134","12F","24F",2,0,4
"1139","12F","28F",1,0,2
"1140","12F","29",1,0,5
"1141","12F","3",8,0,11
"1142","12F","31",2,0,3
"1148","12F","33F",2,0,5
"1149","12F","34",3,0,7
"1150","12F","35A",1,0,4
"1151","12F","35B",2,0,6.02499999999998
"1153","12F","35F",2,0,5
"1154","12F","36",1,0,2
"1155","12F","37",1,0,3
"1156","12F","38",1,0,4
"1158","12F","4",5,0,10
"1159","12F","40",1,0,2
"1162","12F","42",1,0,3
"1165","12F","46",1,0,2
"1170","12F","6A",7,3,21
"1171","12F","6B",8,2,20
"1172","12F","6C/D",6,1,14
"1173","12F","6E",2,0,5
"1174","12F","6F",1,0,2
"1175","12F","6G",1,0,1
"1176","12F","7A",2,0,2
"1177","12F","7B/C",2,0,5
"1178","12F","7F",4,0,6
"1179","12F","8",4,0,6
"1180","12F","9A",1,0,3
"1181","12F","9L",3,0,4
"1182","12F","9N",3,0,5
"1183","12F","9V",5,0,7
"1184","13","14",5,1,14
"1185","13","15A",7,0,10
"1186","13","15B/C",8,0,11
"1187","13","15F",2,0,5
"1188","13","16A",1,0,2
"1189","13","16F",1,0,8
"1191","13","17F",3,0,6
"1192","13","18A",2,0,5
"1193","13","18B",2,0,3
"1194","13","18C",8,0,8
"1195","13","18F",2,0,3
"1196","13","19A",12,3,24
"1197","13","19B",2,0,4
"1198","13","19C",1,0,3
"1199","13","19F",11,3,22
"1200","13","2",1,0,2
"1203","13","21",3,0,6
"1204","13","22A",4,0,4
"1205","13","22F",5,0,7
"1206","13","23A",4,0,8
"1207","13","23B",4,0,6
"1208","13","23F",10,2,17
"1209","13","24A",1,0,2
"1210","13","24B",2,0,2
"1211","13","24F",3,0,4
"1214","13","27",1,0,2.02499999999998
"1216","13","28F",1,0,3
"1217","13","29",3,0,6
"1218","13","3",7,1,11
"1219","13","31",2,0,3.02499999999998
"1226","13","34",5,0,9
"1227","13","35A",2,0,4
"1228","13","35B",2,0,7
"1229","13","35C",3,0,6
"1230","13","35F",3,0,7
"1232","13","37",1,0,4
"1233","13","38",3,0,4
"1235","13","4",5,1,11
"1237","13","41A",1,0,1
"1239","13","42",2,0,3
"1241","13","45",1,0,3
"1246","13","5",1,0,4.02499999999998
"1247","13","6A",10,4,25
"1248","13","6B",9,4,26
"1249","13","6C/D",6,1,16
"1250","13","6E",4,0,5
"1251","13","6F",1,0,2
"1252","13","6G",1,0,1
"1253","13","7A",1,0,3
"1254","13","7B/C",3,0,6
"1255","13","7F",5,0,7
"1256","13","8",1,0,7
"1257","13","9A",1,0,3
"1258","13","9L",2,0,5
"1259","13","9N",2,0,6
"1260","13","9V",8,0,8
"1261","14","15A",9,2,16.025
"1262","14","15B/C",11,2,17
"1263","14","15F",4,0,8
"1264","14","16A",1,0,3
"1265","14","16F",2,1,13
"1267","14","17F",3,0,9
"1268","14","18A",4,0,7
"1269","14","18B",2,0,5.02499999999998
"1270","14","18C",6,1,14
"1271","14","18F",2,0,5.02499999999998
"1272","14","19A",21,10,40
"1273","14","19B",4,0,7
"1274","14","19C",2,0,4
"1275","14","19F",19,10,37
"1276","14","2",1,0,2
"1279","14","21",6,0,10
"1280","14","22A",3,0,7
"1281","14","22F",5,0,10
"1282","14","23A",8,1,13
"1283","14","23B",5,0,10
"1284","14","23F",9,6,28
"1285","14","24A",1,0,4
"1286","14","24B",2,0,3
"1287","14","24F",3,0,7
"1290","14","27",1,0,4
"1291","14","28A",1,0,4
"1292","14","28F",1,0,5
"1293","14","29",2,0,10
"1294","14","3",10,3,20
"1295","14","31",2,0,6
"1301","14","33F",1,0,8
"1302","14","34",3,1,15
"1303","14","35A",1,0,7
"1304","14","35B",4,1,12
"1305","14","35C",2,0,9
"1306","14","35F",2,0,11
"1307","14","36",1,0,4
"1308","14","37",1,0,6
"1309","14","38",4,0,8
"1310","14","39",1,0,5
"1311","14","4",9,3,20
"1312","14","40",1,0,4
"1315","14","42",1,0,6
"1317","14","45",1,0,4
"1318","14","46",1,0,3
"1322","14","5",3,0,7
"1323","14","6A",13,12,44
"1324","14","6B",11,11,43
"1325","14","6C/D",8,5,24
"1326","14","6E",3,0,9
"1327","14","6F",1,0,3
"1328","14","6G",1,0,2
"1329","14","7A",1,0,4
"1330","14","7B/C",6,0,9
"1331","14","7F",6,0,11
"1332","14","8",4,1,12
"1333","14","9A",2,0,5
"1334","14","9L",3,0,7
"1335","14","9N",2,0,8
"1336","14","9V",8,1,13
"1337","15A","15B/C",11,1,14
"1338","15A","15F",8,0,6
"1339","15A","16A",1,0,2.02499999999998
"1340","15A","16F",1,0,10
"1342","15A","17F",2,0,8
"1343","15A","18A",3,0,6
"1344","15A","18B",3,0,4
"1345","15A","18C",7,0.975000000000001,10
"1346","15A","18F",3,0,4
"1347","15A","19A",21,7,31.025
"1348","15A","19B",2,0,5
"1349","15A","19C",2,0,3
"1350","15A","19F",16,6,28.025
"1351","15A","2",1,0,2
"1354","15A","21",5,0,8
"1355","15A","22A",5,0,6
"1356","15A","22F",7,0,8
"1357","15A","23A",9,0,10
"1358","15A","23B",4,0,8
"1359","15A","23F",10,4,22
"1361","15A","24B",1,0,2
"1362","15A","24F",3,0,6
"1367","15A","28F",1,0,4
"1368","15A","29",3,0,8
"1369","15A","3",10,2,15
"1370","15A","31",2,0,5
"1372","15A","33A",1,0,3
"1373","15A","33B",1,0,5
"1376","15A","33F",3,0,7
"1377","15A","34",6,0,11
"1378","15A","35A",3,0,6
"1379","15A","35B",5,0,9
"1380","15A","35C",4,0,8
"1381","15A","35F",6,0,9
"1382","15A","36",2,0,3.02499999999998
"1383","15A","37",3,0,5
"1384","15A","38",1,0,5.02499999999998
"1386","15A","4",6,2,15
"1390","15A","42",2,0,5
"1392","15A","45",1,0,3
"1397","15A","5",1,0,6
"1398","15A","6A",11,7,32
"1399","15A","6B",8,6,32
"1400","15A","6C/D",7,3,19.025
"1401","15A","6E",3,0,7
"1402","15A","6F",1,0,2
"1403","15A","6G",1,0,2
"1404","15A","7A",1,0,3
"1405","15A","7B/C",3,0,7
"1406","15A","7F",3,0,9
"1407","15A","8",5,0,9
"1408","15A","9A",3,0,4
"1409","15A","9L",4,0,5
"1410","15A","9N",4,0,7
"1411","15A","9V",8,0,10.025
"1412","15B/C","15F",6,0,6
"1413","15B/C","16A",1,0,2
"1414","15B/C","16F",2,1,11
"1416","15B/C","17F",3,0,8
"1417","15B/C","18A",4,0,6
"1418","15B/C","18B",2,0,5
"1419","15B/C","18C",5,0,11
"1420","15B/C","18F",2,0,5
"1421","15B/C","19A",15,7,32
"1422","15B/C","19B",2,0,5
"1423","15B/C","19C",1,0,4
"1424","15B/C","19F",17,7,29.025
"1425","15B/C","2",2,0,3
"1428","15B/C","21",4,0,8.02499999999998
"1429","15B/C","22A",3,0,6
"1430","15B/C","22F",6,0,9
"1431","15B/C","23A",9,0,10
"1432","15B/C","23B",6,0,8
"1433","15B/C","23F",12,4,23
"1434","15B/C","24A",1,0,3
"1435","15B/C","24B",2,0,2
"1436","15B/C","24F",2,0,6
"1439","15B/C","27",1,0,3
"1441","15B/C","28F",2,0,4
"1442","15B/C","29",3,0,8
"1443","15B/C","3",8,2,16
"1444","15B/C","31",2,0,5
"1450","15B/C","33F",2,0,7
"1451","15B/C","34",5,1,11
"1452","15B/C","35A",2,0,6
"1453","15B/C","35B",4,0,10
"1454","15B/C","35C",1,0,7
"1455","15B/C","35F",3,0,9
"1456","15B/C","36",1,0,4
"1457","15B/C","37",2,0,5
"1458","15B/C","38",2,0,6
"1460","15B/C","4",7,2,16
"1464","15B/C","42",1,0,5
"1466","15B/C","45",1,0,3
"1471","15B/C","5",2,0,6
"1472","15B/C","6A",11,8,33.025
"1473","15B/C","6B",15,8,35
"1474","15B/C","6C/D",10,3,20
"1475","15B/C","6E",4,0,7
"1476","15B/C","6F",1,0,2
"1477","15B/C","6G",1,0,1
"1478","15B/C","7A",1,0,4
"1479","15B/C","7B/C",5,0,8
"1480","15B/C","7F",4,0,9
"1481","15B/C","8",2,0,9
"1482","15B/C","9A",2,0,4
"1483","15B/C","9L",3,0,6
"1484","15B/C","9N",3,0,7
"1485","15B/C","9V",10,1,11
"1486","15F","16A",1,0,1
"1489","15F","17F",2,0,4
"1490","15F","18A",3,0,3
"1491","15F","18B",1,0,2
"1492","15F","18C",2,0,5
"1493","15F","18F",1,0,2
"1494","15F","19A",7,1,15
"1495","15F","19B",2,0,3
"1496","15F","19C",1,0,2
"1497","15F","19F",7,1,14
"1498","15F","2",1,0,1
"1501","15F","21",2,0,4
"1502","15F","22A",1,0,3
"1503","15F","22F",3,0,4
"1504","15F","23A",5,0,5
"1505","15F","23B",3,0,4
"1506","15F","23F",6,0,10
"1508","15F","24B",1,0,1
"1509","15F","24F",2,0,3
"1515","15F","29",2,0,4
"1516","15F","3",7,0,8
"1517","15F","31",2,0,2
"1519","15F","33A",1,0,1
"1520","15F","33B",1,0,3
"1523","15F","33F",1,0,3
"1524","15F","34",2,0,6
"1525","15F","35A",1,0,3
"1526","15F","35B",2,0,5
"1528","15F","35F",2,0,4.02499999999998
"1529","15F","36",1,0,2
"1530","15F","37",1,0,2
"1531","15F","38",1,0,3
"1533","15F","4",2,0,7
"1537","15F","42",1,0,2
"1543","15F","48",1,0,2
"1544","15F","5",1,0,3
"1545","15F","6A",5,1,16
"1546","15F","6B",4,1,15
"1547","15F","6C/D",5,0,9
"1548","15F","6E",2,0,4
"1549","15F","6F",1,0,1
"1550","15F","6G",1,0,1
"1552","15F","7B/C",2,0,4
"1553","15F","7F",1,0,4
"1554","15F","8",3,0,5
"1555","15F","9A",2,0,2
"1556","15F","9L",2,0,3
"1557","15F","9N",1,0,4
"1558","15F","9V",4,0,5
"1559","16A","16F",1,0,2
"1561","16A","17F",1,0,1.02499999999998
"1562","16A","18A",1,0,1
"1563","16A","18B",1,0,1
"1564","16A","18C",1,0,2
"1565","16A","18F",1,0,1
"1566","16A","19A",1,0,5
"1567","16A","19B",1,0,1
"1568","16A","19C",1,0,1
"1569","16A","19F",1,0,5
"1570","16A","2",1,0,0
"1573","16A","21",1,0,1
"1574","16A","22A",1,0,1
"1575","16A","22F",1,0,1
"1576","16A","23A",1,0,2
"1577","16A","23B",1,0,1
"1578","16A","23F",1,0,4
"1580","16A","24B",1,0,0
"1581","16A","24F",1,0,1
"1587","16A","29",1,0,1
"1588","16A","3",1,0,3
"1589","16A","31",1,0,1
"1596","16A","34",1,0,2
"1598","16A","35B",1,0,2
"1600","16A","35F",1,0,1
"1603","16A","38",1,0,1
"1605","16A","4",1,0,3
"1609","16A","42",1,0,1
"1617","16A","6A",1,0,5
"1618","16A","6B",1,0,5
"1619","16A","6C/D",1,0,3
"1620","16A","6E",1,0,1
"1621","16A","6F",1,0,0
"1622","16A","6G",1,0,0
"1624","16A","7B/C",1,0,1
"1625","16A","7F",1,0,2
"1626","16A","8",1,0,2
"1627","16A","9A",1,0,1
"1628","16A","9L",1,0,1
"1629","16A","9N",1,0,1
"1630","16A","9V",1,0,2
"1632","16F","17F",1,0,6
"1635","16F","18C",2,0,8
"1637","16F","19A",6,4,23.025
"1640","16F","19F",7,3,22
"1644","16F","21",1,0,6.02499999999998
"1645","16F","22A",2,0,5
"1646","16F","22F",3,0,6
"1647","16F","23A",1,0,8
"1648","16F","23B",2,0,6
"1649","16F","23F",2,2,17
"1659","16F","3",2,1,12
"1660","16F","31",1,0,3
"1662","16F","33A",1,0,2
"1666","16F","33F",1,0,5
"1667","16F","34",1,0,9
"1668","16F","35A",1,0,5
"1670","16F","35C",1,0,6
"1671","16F","35F",1,0,7
"1673","16F","37",1,0,4
"1676","16F","4",1,1,12
"1682","16F","45",1,0,3
"1688","16F","6A",4,5,25
"1689","16F","6B",3,4,25
"1690","16F","6C/D",4,2,16
"1695","16F","7B/C",1,0,5
"1696","16F","7F",2,0,7
"1697","16F","8",2,0,7
"1700","16F","9N",1,0,5
"1701","16F","9V",3,0,8
"1772","17F","18A",2,0,3
"1773","17F","18B",3,0,2.02499999999998
"1774","17F","18C",3,0,6
"1775","17F","18F",2,0,3
"1776","17F","19A",4,1,16
"1777","17F","19B",1,0,3
"1778","17F","19C",2,0,2
"1779","17F","19F",5,1,15
"1780","17F","2",1,0,1
"1783","17F","21",3,0,4
"1784","17F","22A",4,0,3
"1785","17F","22F",7,0,5
"1786","17F","23A",4,0,5
"1787","17F","23B",2,0,4
"1788","17F","23F",7,0,11.025
"1789","17F","24A",1,0,2
"1790","17F","24B",2,0,1
"1791","17F","24F",4,0,3
"1797","17F","29",2,0,4
"1798","17F","3",6,0,9
"1799","17F","31",3,0,3
"1801","17F","33A",1,0,2
"1802","17F","33B",1,0,3
"1805","17F","33F",1,0,3
"1806","17F","34",2,0,6
"1807","17F","35A",3,0,3
"1808","17F","35B",3,0,5
"1809","17F","35C",1,0,4
"1810","17F","35F",2,0,5
"1813","17F","38",1,0,3
"1815","17F","4",3,0,9
"1819","17F","42",2,0,2
"1825","17F","48",1,0,2
"1827","17F","6A",4,1,18
"1828","17F","6B",5,2,18
"1829","17F","6C/D",3,0,10
"1830","17F","6E",2,0,4
"1831","17F","6F",1,0,1
"1832","17F","6G",1,0,1
"1834","17F","7B/C",2,0,4
"1835","17F","7F",2,0,5
"1836","17F","8",2,0,5
"1837","17F","9A",1,0,2
"1838","17F","9L",1,0,3.02499999999998
"1839","17F","9N",2,0,4
"1840","17F","9V",3,0,6
"1841","18A","18B",4,0,2
"1842","18A","18C",5,0,5
"1843","18A","18F",3,0,2
"1844","18A","19A",3,1,13
"1845","18A","19B",2,0,2
"1846","18A","19C",1,0,2
"1847","18A","19F",3,0,13
"1848","18A","2",1,0,1
"1851","18A","21",2,0,3
"1852","18A","22A",2,0,2
"1853","18A","22F",3,0,4
"1854","18A","23A",4,0,5
"1855","18A","23B",1,0,4
"1856","18A","23F",4,0,10
"1858","18A","24B",1,0,1
"1859","18A","24F",1,0,3
"1864","18A","28F",1,0,2
"1865","18A","29",1,0,3
"1866","18A","3",2,0,7
"1867","18A","31",2,0,2
"1874","18A","34",1,0,5
"1875","18A","35A",3,0,2
"1876","18A","35B",2,0,4
"1877","18A","35C",2,0,4
"1878","18A","35F",1,0,4
"1881","18A","38",1,0,3
"1883","18A","4",2,0,7
"1887","18A","42",1,0,2
"1895","18A","6A",2,1,13
"1896","18A","6B",5,0,14
"1897","18A","6C/D",3,0,8
"1898","18A","6E",2,0,3
"1899","18A","6F",1,0,1
"1900","18A","6G",1,0,1
"1902","18A","7B/C",2,0,3
"1903","18A","7F",1,0,4
"1904","18A","8",2,0,4
"1905","18A","9A",2,0,2
"1906","18A","9L",2,0,3
"1907","18A","9N",2,0,3
"1908","18A","9V",3,0,4
"1909","18B","18C",6,0,3
"1910","18B","18F",5,0,2
"1911","18B","19A",4,0,9.02499999999998
"1912","18B","19B",1,0,2
"1913","18B","19C",1,0,1
"1914","18B","19F",2,0,9
"1915","18B","2",1,0,1
"1918","18B","21",4,0,3
"1919","18B","22A",3,0,2
"1920","18B","22F",4,0,3
"1921","18B","23A",3,0,3
"1922","18B","23B",1,0,3
"1923","18B","23F",3,0,7
"1925","18B","24B",1,0,1
"1926","18B","24F",2,0,2
"1931","18B","28F",1,0,1
"1932","18B","29",1,0,3
"1933","18B","3",3,0,5
"1934","18B","31",2,0,2
"1941","18B","34",2,0,4
"1942","18B","35A",2,0,2
"1943","18B","35B",2,0,3
"1944","18B","35C",2,0,2
"1945","18B","35F",1,0,3
"1948","18B","38",1,0,2
"1950","18B","4",2,0,5
"1954","18B","42",2,0,2
"1962","18B","6A",2,0,10
"1963","18B","6B",5,0,11
"1964","18B","6C/D",2,0,6
"1965","18B","6E",1,0,2
"1966","18B","6F",1,0,1
"1967","18B","6G",1,0,1
"1968","18B","7A",1,0,1
"1969","18B","7B/C",1,0,3
"1970","18B","7F",3,0,3
"1971","18B","8",3,0,3
"1972","18B","9A",1,0,1
"1973","18B","9L",2,0,2
"1974","18B","9N",2,0,2
"1975","18B","9V",2,0,3
"1976","18C","18F",5,0,4
"1977","18C","19A",11,4,26
"1978","18C","19B",1,0,4
"1979","18C","19C",1,0,3
"1980","18C","19F",8,4,24
"1981","18C","2",1,0,2
"1984","18C","21",6,0,7
"1985","18C","22A",6,0,4
"1986","18C","22F",6,0,7
"1987","18C","23A",5,0,8
"1988","18C","23B",4,0,6
"1989","18C","23F",10,2,18
"1991","18C","24B",1,0,2
"1992","18C","24F",2,0,4
"1995","18C","27",1,0,2
"1997","18C","28F",2,0,3
"1998","18C","29",2,0,7
"1999","18C","3",7,1,12
"2000","18C","31",3,0,4
"2002","18C","33A",2,0,2
"2003","18C","33B",1,0,4
"2006","18C","33F",2,0,6
"2007","18C","34",4,0,9
"2008","18C","35A",6,0,4.02499999999998
"2009","18C","35B",2,0,8
"2010","18C","35C",4,0,6
"2011","18C","35F",3,0,7
"2014","18C","38",3,0,5
"2016","18C","4",6,1,12
"2020","18C","42",2,0,3.02499999999998
"2022","18C","45",1,0,3
"2027","18C","5",2,0,4.02499999999998
"2028","18C","6A",7,4,26
"2029","18C","6B",8,4,25
"2030","18C","6C/D",6,2,16
"2031","18C","6E",3,0,6
"2032","18C","6F",1,0,2
"2033","18C","6G",1,0,1
"2034","18C","7A",2,0,3
"2035","18C","7B/C",2,0,6
"2036","18C","7F",5,0,7
"2037","18C","8",5,0,7
"2038","18C","9A",1,0,3
"2039","18C","9L",2,0,4.02499999999998
"2040","18C","9N",2,0,6
"2041","18C","9V",5,0,9
"2042","18F","19A",3,0,10
"2043","18F","19B",1,0,2
"2044","18F","19C",1,0,1
"2045","18F","19F",2,0,9
"2046","18F","2",1,0,1
"2049","18F","21",4,0,3
"2050","18F","22A",3,0,2
"2051","18F","22F",3,0,3
"2052","18F","23A",2,0,3.02499999999998
"2053","18F","23B",1,0,3
"2054","18F","23F",3,0,7
"2056","18F","24B",1,0,1
"2057","18F","24F",2,0,2
"2062","18F","28F",1,0,1
"2063","18F","29",1,0,3
"2064","18F","3",2,0,5
"2065","18F","31",1,0,2
"2072","18F","34",2,0,4
"2073","18F","35A",1,0,2
"2074","18F","35B",2,0,3
"2075","18F","35C",2,0,3
"2076","18F","35F",1,0,3
"2079","18F","38",1,0,2
"2081","18F","4",2,0,5
"2085","18F","42",2,0,2
"2093","18F","6A",2,0,10
"2094","18F","6B",4,0,10
"2095","18F","6C/D",2,0,6
"2096","18F","6E",1,0,2
"2097","18F","6F",1,0,1
"2098","18F","6G",1,0,1
"2100","18F","7B/C",1,0,3
"2101","18F","7F",2,0,3
"2102","18F","8",2,0,3
"2103","18F","9A",1,0,1
"2104","18F","9L",2,0,2
"2105","18F","9N",1,0,2
"2106","18F","9V",2,0,4
"2107","19A","19B",2,0,12
"2108","19A","19C",2,0,7
"2109","19A","19F",39,27,72
"2110","19A","2",1,0,4
"2112","19A","20B",1,0,5
"2113","19A","21",9,2,18
"2114","19A","22A",4,0,13
"2115","19A","22F",8,2,19
"2116","19A","23A",14,4,24
"2117","19A","23B",11,2,18
"2118","19A","23F",19,16,52
"2119","19A","24A",1,0,6
"2120","19A","24B",2,0,5
"2121","19A","24F",4,1,14
"2124","19A","27",2,0,7
"2126","19A","28F",2,0,9
"2127","19A","29",4,2,17
"2128","19A","3",19,10,37
"2129","19A","31",4,0,11
"2131","19A","33A",2,0,6
"2132","19A","33B",2,0,10
"2134","19A","33D",2,0,7
"2135","19A","33F",5,1,15
"2136","19A","34",7,4,26
"2137","19A","35A",3,0,13
"2138","19A","35B",5,3,22
"2139","19A","35C",4,1,17
"2140","19A","35F",6,2,20
"2141","19A","36",1,0,8
"2142","19A","37",4,0,11
"2143","19A","38",3,0,13.025
"2145","19A","4",9,9,37
"2149","19A","42",4,0,10
"2151","19A","45",1,0,7
"2156","19A","5",5,0,13
"2157","19A","6A",31,31,79
"2158","19A","6B",28,31,76
"2159","19A","6C/D",19,14.975,46.025
"2160","19A","6E",8,1,16
"2161","19A","6F",2,0,5
"2162","19A","6G",1,0,3.02499999999998
"2163","19A","7A",3,0,8
"2164","19A","7B/C",5,1,18
"2165","19A","7F",9,3,20
"2166","19A","8",8,3,21
"2167","19A","9A",3,0,9
"2168","19A","9L",4,0,13
"2169","19A","9N",4,1,16
"2170","19A","9V",12,4,24
"2171","19B","19C",1,0,2
"2172","19B","19F",2,0,11
"2173","19B","2",1,0,1
"2176","19B","21",1,0,3
"2177","19B","22A",1,0,2
"2178","19B","22F",1,0,4
"2179","19B","23A",2,0,4
"2180","19B","23B",1,0,3
"2181","19B","23F",3,0,9
"2183","19B","24B",1,0,1
"2184","19B","24F",1,0,2
"2190","19B","29",1,0,3
"2191","19B","3",2,0,6
"2192","19B","31",1,0,2
"2199","19B","34",1,0,4.02499999999998
"2201","19B","35B",1,0,4
"2203","19B","35F",1,0,3.02499999999998
"2206","19B","38",1,0,2
"2208","19B","4",2,0,6
"2209","19B","40",1,0,1
"2212","19B","42",1,0,2
"2219","19B","5",1,0,2
"2220","19B","6A",2,0,12
"2221","19B","6B",2,0,12
"2222","19B","6C/D",2,0,8
"2223","19B","6E",1,0,3
"2224","19B","6F",1,0,1
"2225","19B","6G",1,0,1
"2227","19B","7B/C",4,0,3
"2228","19B","7F",1,0,3
"2229","19B","8",1,0,4
"2230","19B","9A",2,0,2
"2231","19B","9L",1,0,2
"2232","19B","9N",1,0,3
"2233","19B","9V",2,0,4
"2234","19C","19F",2,0,8
"2235","19C","2",1,0,1
"2238","19C","21",1,0,2
"2239","19C","22A",1,0,2
"2240","19C","22F",1,0,2
"2241","19C","23A",1,0,2
"2242","19C","23B",1,0,2
"2243","19C","23F",1,0,5
"2245","19C","24B",1,0,1
"2246","19C","24F",1,0,2
"2252","19C","29",1,0,2
"2253","19C","3",1,0,4
"2254","19C","31",1,0,1
"2261","19C","34",1,0,3
"2263","19C","35B",1,0,3
"2265","19C","35F",2,0,3
"2268","19C","38",1,0,2
"2270","19C","4",1,0,4
"2274","19C","42",1,0,1
"2282","19C","6A",1,0,8
"2283","19C","6B",1,0,8
"2284","19C","6C/D",1,0,5
"2285","19C","6E",1,0,2
"2286","19C","6F",1,0,1
"2287","19C","6G",1,0,0
"2289","19C","7B/C",1,0,2
"2290","19C","7F",1,0,2
"2291","19C","8",1,0,2.02499999999998
"2292","19C","9A",1,0,1
"2293","19C","9L",1,0,2
"2294","19C","9N",1,0,2
"2295","19C","9V",1,0,3
"2296","19F","2",2,0,5
"2299","19F","21",6,2,17
"2300","19F","22A",4,0,12
"2301","19F","22F",8,2,18
"2302","19F","23A",13,3,22
"2303","19F","23B",8,2,17
"2304","19F","23F",21,15,49
"2305","19F","24A",1,0,6
"2306","19F","24B",2,0,4
"2307","19F","24F",4,0,12
"2310","19F","27",1,0,6.02499999999998
"2311","19F","28A",1,0,6
"2312","19F","28F",2,0,8
"2313","19F","29",3,2,16.025
"2314","19F","3",16,8,35
"2315","19F","31",3,0,11
"2317","19F","33A",1,0,6
"2318","19F","33B",2,0,10
"2320","19F","33D",2,0,6
"2321","19F","33F",4,1,14
"2322","19F","34",7,4,25
"2323","19F","35A",3,0,13
"2324","19F","35B",6,3,21
"2325","19F","35C",3,1,16
"2326","19F","35F",5,2,18
"2327","19F","36",1,0,8
"2328","19F","37",3,0,10
"2329","19F","38",4,0,12
"2331","19F","4",9,9,34
"2335","19F","42",2,0,10
"2337","19F","45",1,0,6
"2341","19F","48",1,0,8
"2342","19F","5",5,0,12
"2343","19F","6A",25,28,72
"2344","19F","6B",24,28,72
"2345","19F","6C/D",13,12,43
"2346","19F","6E",6,1,15
"2347","19F","6F",1,0,5
"2348","19F","6G",1,0,3.02499999999998
"2350","19F","7B/C",6,1,17
"2351","19F","7F",5,2,19
"2352","19F","8",5,2,20
"2353","19F","9A",2,0,8
"2354","19F","9L",3,0,13
"2355","19F","9N",4,1,14
"2356","19F","9V",13,3,24
"2359","2","21",1,0,1
"2360","2","22A",1,0,1
"2361","2","22F",1,0,2
"2362","2","23A",1,0,2
"2363","2","23B",1,0,1
"2364","2","23F",2,0,4
"2366","2","24B",1,0,0
"2367","2","24F",1,0,1
"2373","2","29",1,0,1
"2374","2","3",1,0,3
"2375","2","31",1,0,1
"2382","2","34",2,0,2
"2384","2","35B",2,0,2
"2386","2","35F",1,0,2
"2389","2","38",1,0,1
"2391","2","4",1,0,3
"2395","2","42",1,0,1
"2403","2","6A",1,0,6
"2404","2","6B",2,0,5
"2405","2","6C/D",1,0,3
"2406","2","6E",1,0,1
"2407","2","6F",1,0,0
"2408","2","6G",1,0,0
"2410","2","7B/C",2,0,1
"2411","2","7F",1,0,2
"2412","2","8",1,0,2
"2413","2","9A",1,0,1
"2414","2","9L",1,0,1
"2415","2","9N",1,0,1
"2416","2","9V",1,0,2
"2475","20A","9V",1,0,1
"2516","20B","47A",1,0,0
"2521","20B","6B",1,0,5
"2527","20B","7B/C",1,0,1
"2534","21","22A",5,0,4
"2535","21","22F",6,0,5
"2536","21","23A",3,0,6
"2537","21","23B",3,0,4.02499999999998
"2538","21","23F",6,1,13
"2540","21","24B",1,0,1
"2541","21","24F",2,0,4
"2547","21","29",1,0,5
"2548","21","3",5,0,10
"2549","21","31",2,0,3
"2555","21","33F",1,0,4
"2556","21","34",4,0,7.02499999999998
"2557","21","35A",1,0,4
"2558","21","35B",3,0,6
"2559","21","35C",3,0,4
"2560","21","35F",3,0,5
"2561","21","36",1,0,2
"2562","21","37",1,0,3
"2563","21","38",1,0,4
"2565","21","4",4,0,9
"2569","21","42",2,0,3
"2571","21","45",1,0,2
"2576","21","5",1,0,4
"2577","21","6A",5,2,19
"2578","21","6B",6,2,20
"2579","21","6C/D",5,1,12
"2580","21","6E",1,0,4
"2581","21","6F",1,0,2
"2582","21","6G",1,0,1
"2584","21","7B/C",2,0,5
"2585","21","7F",3,0,5
"2586","21","8",3,0,6
"2587","21","9A",1,0,2
"2588","21","9L",3,0,4
"2589","21","9N",2,0,4
"2590","21","9V",5,0,7
"2591","22A","22F",7,0,4
"2592","22A","23A",3,0,4
"2593","22A","23B",2,0,4
"2594","22A","23F",7,0,9
"2596","22A","24B",1,0,1
"2597","22A","24F",2,0,2.02499999999998
"2603","22A","29",1,0,3
"2604","22A","3",3,0,7
"2605","22A","31",1,0,2
"2606","22A","32F",1,0,1
"2612","22A","34",3,0,5
"2613","22A","35A",1,0,2.02499999999998
"2614","22A","35B",3,0,4.02499999999998
"2615","22A","35C",4,0,3
"2616","22A","35F",3,0,4
"2619","22A","38",1,0,2
"2621","22A","4",4,0,6
"2625","22A","42",3,0,2
"2627","22A","45",1,0,2
"2633","22A","6A",3,0,14
"2634","22A","6B",3,1,13
"2635","22A","6C/D",3,0,8
"2636","22A","6E",1,0,3
"2637","22A","6F",1,0,1
"2638","22A","6G",1,0,1
"2640","22A","7B/C",2,0,3
"2641","22A","7F",3,0,4
"2642","22A","8",3,0,4
"2643","22A","9A",1,0,2
"2644","22A","9L",2,0,2
"2645","22A","9N",2,0,3
"2646","22A","9V",3,0,5
"2647","22F","23A",7,0,6
"2648","22F","23B",5,0,5
"2649","22F","23F",11,1,14
"2650","22F","24A",1,0,2
"2651","22F","24B",2,0,1
"2652","22F","24F",4,0,4
"2658","22F","29",2,0,5
"2659","22F","3",7,0,10
"2660","22F","31",4,0,3
"2662","22F","33A",1,0,2
"2666","22F","33F",2,0,4
"2667","22F","34",4,0,7
"2668","22F","35A",3,0,4
"2669","22F","35B",5,0,6
"2670","22F","35C",6,0,5
"2671","22F","35F",5,0,6
"2672","22F","36",2,0,2
"2674","22F","38",1,0,3
"2676","22F","4",5,0,10
"2680","22F","42",3,0,3
"2682","22F","45",1,0,2
"2686","22F","48",1,0,3
"2688","22F","6A",6,2,20
"2689","22F","6B",8,2,20
"2690","22F","6C/D",7,1,12
"2691","22F","6E",1,0,4
"2692","22F","6F",1,0,2
"2693","22F","6G",1,0,1
"2694","22F","7A",2,0,2
"2695","22F","7B/C",3,0,5
"2696","22F","7F",5,0,5.02499999999998
"2697","22F","8",4,0,6
"2698","22F","9A",1,0,2
"2699","22F","9L",4,0,4
"2700","22F","9N",4,0,4
"2701","22F","9V",5,0,7
"2702","23A","23B",6,0,6
"2703","23A","23F",12,2,17
"2704","23A","24A",1,0,2
"2705","23A","24B",2,0,2
"2706","23A","24F",2,0,4
"2709","23A","27",1,0,2.02499999999998
"2712","23A","29",2,0,6
"2713","23A","3",8,1,12
"2714","23A","31",4,0,4
"2716","23A","33A",2,0,2
"2717","23A","33B",1,0,4
"2720","23A","33F",4,0,5
"2721","23A","34",2,0,8
"2722","23A","35A",4,0,4
"2723","23A","35B",4,0,8
"2724","23A","35C",2,0,6
"2725","23A","35F",2,0,7
"2726","23A","36",1,0,3
"2727","23A","37",1,0,4
"2728","23A","38",3,0,4
"2730","23A","4",6,0.975000000000001,12
"2734","23A","42",2,0,3
"2741","23A","5",1,0,5
"2742","23A","6A",12,4,25
"2743","23A","6B",9,4,25
"2744","23A","6C/D",6,1,14
"2745","23A","6E",2,0,5
"2746","23A","6F",1,0,2
"2747","23A","6G",1,0,1
"2749","23A","7B/C",4,0,6
"2750","23A","7F",1,0,6.02499999999998
"2751","23A","8",6,0,7
"2752","23A","9A",2,0,3
"2753","23A","9L",4,0,5
"2754","23A","9N",3,0,5
"2755","23A","9V",5,0,8
"2756","23B","23F",9,1,13
"2757","23B","24A",1,0,2
"2758","23B","24B",2,0,1
"2759","23B","24F",2,0,4
"2762","23B","27",1,0,2
"2765","23B","29",2,0,4.02499999999998
"2766","23B","3",5,0,9
"2767","23B","31",2,0,3
"2769","23B","33A",1,0,2
"2770","23B","33B",1,0,3
"2772","23B","33D",1,0,2
"2773","23B","33F",1,0,4
"2774","23B","34",4,0,7
"2775","23B","35A",1,0,4
"2776","23B","35B",2,0,6
"2777","23B","35C",1,0,4
"2778","23B","35F",3,0,6
"2779","23B","36",1,0,2
"2781","23B","38",2,0,4
"2783","23B","4",4,0,9
"2787","23B","42",1,0,3
"2789","23B","45",1,0,2
"2794","23B","5",3,0,3
"2795","23B","6A",8,2,18
"2796","23B","6B",8,2,19
"2797","23B","6C/D",8,0,12
"2798","23B","6E",2,0,4
"2799","23B","6F",1,0,1
"2800","23B","6G",1,0,1
"2802","23B","7B/C",3,0,5
"2803","23B","7F",3,0,5
"2804","23B","8",3,0,6
"2805","23B","9A",1,0,3
"2806","23B","9L",2,0,3.02499999999998
"2807","23B","9N",2,0,4
"2808","23B","9V",4,0,6
"2809","23F","24A",1,0,4
"2810","23F","24B",2,0,3
"2811","23F","24F",5,0,9
"2812","23F","25A",1,0,5
"2814","23F","27",1,0,5
"2816","23F","28F",1,0,6
"2817","23F","29",4,1,12
"2818","23F","3",13,5,25
"2819","23F","31",3,0,8
"2820","23F","32F",1,0,3
"2821","23F","33A",1,0,4
"2822","23F","33B",3,0,8
"2824","23F","33D",1,0,5
"2825","23F","33F",2,0,11
"2826","23F","34",7,2.975,18
"2827","23F","35A",3,0,9
"2828","23F","35B",7,2,16
"2829","23F","35C",4,0,12
"2830","23F","35F",6,1,14
"2831","23F","36",2,0,6
"2832","23F","37",3,0,8.02499999999998
"2833","23F","38",3,0,9
"2834","23F","39",1,0,5
"2835","23F","4",8,6,26
"2839","23F","42",3,0,7
"2841","23F","45",1,0,5
"2845","23F","48",1,0,6
"2846","23F","5",3,0,9
"2847","23F","6A",18,18,56
"2848","23F","6B",18,19,55
"2849","23F","6C/D",14,8,33.025
"2850","23F","6E",5,0,11
"2851","23F","6F",1,0,3.02499999999998
"2852","23F","6G",1,0,3
"2854","23F","7B/C",6,0,12.025
"2855","23F","7F",6,1,14
"2856","23F","8",4,1,15
"2857","23F","9A",3,0,6
"2858","23F","9L",4,0,9
"2859","23F","9N",2,0,11.025
"2860","23F","9V",10,2,17
"2861","24A","24B",1,0,1
"2862","24A","24F",1,0,1
"2869","24A","3",1,0,3.02499999999998
"2896","24A","48",1,0,1
"2898","24A","6A",1,0,6
"2899","24A","6B",1,0,7
"2900","24A","6C/D",1,0,4
"2905","24A","7B/C",1,0,2
"2911","24A","9V",1,0,2
"2912","24B","24F",2,0,1
"2918","24B","29",1,0,1
"2919","24B","3",2,0,3
"2920","24B","31",1,0,1
"2927","24B","34",1,0,2
"2929","24B","35B",1,0,2
"2931","24B","35F",1,0,1
"2934","24B","38",1,0,1
"2936","24B","4",1,0,3
"2940","24B","42",1,0,1
"2948","24B","6A",2,0,5
"2949","24B","6B",2,0,5
"2950","24B","6C/D",2,0,3
"2951","24B","6E",1,0,1
"2952","24B","6F",1,0,0
"2953","24B","6G",1,0,0
"2955","24B","7B/C",2,0,1
"2956","24B","7F",1,0,2
"2957","24B","8",1,0,2
"2958","24B","9A",1,0,1
"2959","24B","9L",1,0,1
"2960","24B","9N",1,0,1
"2961","24B","9V",2,0,2
"2967","24F","29",1,0,3
"2968","24F","3",4,0,7
"2969","24F","31",1,0,2
"2976","24F","34",2,0,5
"2978","24F","35B",1,0,4
"2979","24F","35C",1,0,3
"2980","24F","35F",1,0,4
"2983","24F","38",1,0,3
"2985","24F","4",2,0,7
"2989","24F","42",2,0,2
"2995","24F","48",1,0,2
"2997","24F","6A",3,0,14
"2998","24F","6B",3,0,14
"2999","24F","6C/D",3,0,8
"3000","24F","6E",1,0,3
"3001","24F","6F",1,0,1
"3002","24F","6G",1,0,1
"3004","24F","7B/C",3,0,3
"3005","24F","7F",2,0,4
"3006","24F","8",1,0,4
"3007","24F","9A",1,0,2
"3008","24F","9L",1,0,3
"3009","24F","9N",1,0,3
"3010","24F","9V",3,0,5
"3011","25A","25F",1,0,1
"3015","25A","29",1,0,2
"3031","25A","38",2,0,1
"3045","25A","6A",1,0,6
"3053","25A","7F",1,0,2
"3078","25F","38",2,0,1
"3108","27","29",1,0,2
"3124","27","38",1,0,1
"3126","27","4",1,0,3
"3127","27","40",1,0,1
"3137","27","5",1,0,1
"3138","27","6A",1,0,8
"3139","27","6B",1,0,7
"3140","27","6C/D",1,0,5
"3141","27","6E",1,0,2
"3152","28A","28F",2,0,1
"3202","28F","33B",1,0,2
"3204","28F","33D",1,0,1
"3206","28F","34",1,0,3
"3207","28F","35A",1,0,2
"3215","28F","4",1,0,4
"3227","28F","6A",1,0,9
"3228","28F","6B",3,0,9
"3229","28F","6C/D",1,0,6
"3230","28F","6E",2,0,2
"3236","28F","8",1,0,3
"3240","28F","9V",1,0,3
"3241","29","3",4,0,9
"3242","29","31",1,0,3
"3245","29","33B",1,0,3
"3249","29","34",2,0,7
"3251","29","35B",9,0,6
"3252","29","35C",4,0,4
"3253","29","35F",3,0,5
"3254","29","36",2,0,2
"3255","29","37",1,0,3
"3256","29","38",2,0,4
"3258","29","4",2,0,9
"3262","29","42",1,0,2
"3269","29","5",1,0,3
"3270","29","6A",4,2,18
"3271","29","6B",5,2,20
"3272","29","6C/D",4,0,12
"3273","29","6E",3,0,4
"3274","29","6F",1,0,1
"3275","29","6G",1,0,1
"3276","29","7A",1,0,2
"3277","29","7B/C",1,0,4
"3278","29","7F",1,0,5
"3279","29","8",1,0,6
"3280","29","9A",1,0,2
"3281","29","9L",1,0,4
"3282","29","9N",1,0,4
"3283","29","9V",3,0,6
"3284","3","31",3,0,6
"3286","3","33A",2,0,3
"3287","3","33B",2,0,6
"3288","3","33C",1,0,3
"3289","3","33D",1,0,4
"3290","3","33F",6,0,8
"3291","3","34",5,1,14
"3292","3","35A",2,0,7
"3293","3","35B",5,1,11
"3294","3","35C",4,0,9
"3295","3","35F",5,0,10.025
"3296","3","36",1,0,4
"3297","3","37",5,0,6
"3298","3","38",2,0,7
"3299","3","39",1,0,4
"3300","3","4",7,3,19
"3301","3","40",1,0,3
"3304","3","42",2,0,5
"3306","3","45",1,0,4
"3307","3","46",1,0,3
"3310","3","48",1,0,4
"3311","3","5",2,0,7
"3312","3","6A",17,10,40
"3313","3","6B",15,10,39
"3314","3","6C/D",11,4,24.025
"3315","3","6E",4,0,9
"3316","3","6F",2,0,3
"3317","3","6G",1,0,2
"3318","3","7A",2,0,4
"3319","3","7B/C",5,0,9
"3320","3","7F",8,0,10
"3321","3","8",6,0,11
"3322","3","9A",2,0,4
"3323","3","9L",2,0,7
"3324","3","9N",3,0,9
"3325","3","9V",10,1,12
"3327","31","33A",1,0,1
"3331","31","33F",1,0,2
"3332","31","34",2,0,4
"3333","31","35A",2,0,2
"3334","31","35B",2,0,4
"3336","31","35F",1,0,3
"3337","31","36",1,0,1
"3339","31","38",1,0,2
"3341","31","4",2,0,5
"3345","31","42",1,0,2
"3353","31","6A",2,0,11
"3354","31","6B",3,0,11
"3355","31","6C/D",2,0,7
"3356","31","6E",1,0,2
"3357","31","6F",1,0,1
"3358","31","6G",1,0,1
"3360","31","7B/C",1,0,3
"3361","31","7F",1,0,3
"3362","31","8",3,0,3
"3363","31","9A",1,0,1
"3364","31","9L",2,0,2
"3365","31","9N",3,0,2
"3366","31","9V",2,0,4
"3376","32F","35F",1,0,1.02499999999998
"3407","33A","33B",1,0,1
"3410","33A","33F",3,0,2
"3412","33A","35A",2,0,1
"3415","33A","35F",1,0,2
"3432","33A","6A",1,0,6
"3434","33A","6C/D",1,0,4
"3441","33A","8",2,0,2
"3447","33B","33D",2,0,1
"3448","33B","33F",1,0,2
"3450","33B","35A",1,0,2
"3451","33B","35B",1,0,4
"3453","33B","35F",1,0,3
"3470","33B","6A",3,0,11
"3471","33B","6B",2,0,11
"3472","33B","6C/D",3,0,7
"3473","33B","6E",1,0,3
"3479","33B","8",1,0,3
"3508","33C","6B",1,0,5
"3517","33C","9A",1,0,1
"3520","33C","9V",1,0,2
"3522","33D","34",1,0,3
"3542","33D","5",1,0,1
"3543","33D","6A",3,0,8
"3544","33D","6B",3,0,7
"3545","33D","6C/D",2,0,5
"3546","33D","6E",1,0,2
"3558","33F","35A",2,0,3
"3560","33F","35C",1,0,4
"3561","33F","35F",1,0,4
"3563","33F","37",3,0,2
"3566","33F","4",1,0,8
"3578","33F","6A",2,1,15.025
"3579","33F","6B",1,1,15
"3580","33F","6C/D",1,0,9
"3586","33F","7F",1,0,5
"3587","33F","8",3,0,5
"3590","33F","9N",1,0,3
"3591","33F","9V",2,0,5
"3592","34","35A",1,0,5
"3593","34","35B",3,0,8
"3594","34","35C",2,0,7
"3595","34","35F",4,0,7
"3596","34","36",1,0,3
"3597","34","37",1,0,4
"3598","34","38",1,0,5
"3600","34","4",6,1,14
"3604","34","42",2,0,3
"3606","34","45",1,0,3
"3611","34","5",2,0,5
"3612","34","6A",7,6,28
"3613","34","6B",10,5,27
"3614","34","6C/D",4,2,16
"3615","34","6E",2,0,6
"3616","34","6F",1,0,2
"3617","34","6G",1,0,1
"3619","34","7B/C",3,0,6
"3620","34","7F",3,0,7
"3621","34","8",2,0,8
"3622","34","9A",1,0,4
"3623","34","9L",3,0,5
"3624","34","9N",2,0,6
"3625","34","9V",5,0,9
"3626","35A","35B",3,0,5
"3627","35A","35C",3,0,3
"3628","35A","35F",2,0,4
"3633","35A","4",1,0,6
"3637","35A","42",1,0,2
"3645","35A","6A",2,1,14
"3646","35A","6B",3,0,14
"3647","35A","6C/D",1,0,8
"3648","35A","6E",1,0,3
"3654","35A","8",3,0,4
"3656","35A","9L",1,0,2
"3657","35A","9N",1,0,3.02499999999998
"3658","35A","9V",3,0,5
"3659","35B","35C",6,0,5
"3660","35B","35F",4,0,6
"3661","35B","36",2,0,2
"3663","35B","38",1,0,4
"3664","35B","39",1,0,3
"3665","35B","4",2,1,11
"3669","35B","42",2,0,3
"3677","35B","6A",5,4,24
"3678","35B","6B",6,4,24
"3679","35B","6C/D",6,1,14
"3680","35B","6E",1,0,5
"3681","35B","6F",1,0,2
"3682","35B","6G",1,0,1
"3683","35B","7A",1,0,3
"3684","35B","7B/C",2,0,5
"3685","35B","7F",1,0,6
"3686","35B","8",3,0,7
"3687","35B","9A",1,0,3
"3688","35B","9L",3,0,4
"3689","35B","9N",1,0,5
"3690","35B","9V",4,0,8
"3691","35C","35F",3,0,5
"3692","35C","36",1,0,2
"3696","35C","4",2,0,9
"3700","35C","42",5,0,2
"3702","35C","45",1,0,2
"3708","35C","6A",2,2,17.025
"3709","35C","6B",3,2,17.025
"3710","35C","6C/D",3,0,11
"3714","35C","7A",1,0,2
"3715","35C","7B/C",1,0,4
"3716","35C","7F",2,0,5
"3717","35C","8",1,0,5
"3719","35C","9L",1,0,3
"3720","35C","9N",1,0,4
"3721","35C","9V",4,0,6
"3722","35F","36",1,0,2
"3723","35F","37",1,0,3
"3724","35F","38",1,0,4
"3726","35F","4",3,0,10
"3730","35F","42",1,0,3
"3732","35F","45",1,0,2
"3738","35F","6A",5,3,20.025
"3739","35F","6B",4,2,20
"3740","35F","6C/D",5,1,13
"3741","35F","6E",1,0,5
"3742","35F","6F",2,0,2
"3743","35F","6G",1,0,1
"3744","35F","7A",2,0,2
"3745","35F","7B/C",2,0,5
"3746","35F","7F",4,0,6
"3747","35F","8",2,0,6
"3748","35F","9A",1,0,3
"3749","35F","9L",2,0,4
"3750","35F","9N",3,0,4
"3751","35F","9V",2,0,7
"3755","36","4",1,0,4
"3767","36","6A",1,0,8
"3768","36","6B",1,0,8
"3769","36","6C/D",1,0,5
"3773","36","7A",1,0,1
"3776","36","8",1,0,3
"3778","36","9L",1,0,2
"3780","36","9V",1,0,3
"3783","37","4",1,0,5
"3795","37","6A",2,0,11
"3796","37","6B",2,0,11
"3797","37","6C/D",1,0,7
"3798","37","6E",1,0,3
"3804","37","8",1,0,3
"3807","37","9N",1,0,3
"3808","37","9V",3,0,4
"3810","38","4",4,0,7
"3814","38","42",1,0,2
"3821","38","5",1,0,3
"3822","38","6A",4,0.975000000000001,15
"3823","38","6B",2,0,14.025
"3824","38","6C/D",2,0,8
"3825","38","6E",2,0,3
"3826","38","6F",1,0,1
"3827","38","6G",1,0,1
"3828","38","7A",1,0,2
"3829","38","7B/C",1,0,3
"3830","38","7F",4,0,4
"3831","38","8",1,0,4
"3832","38","9A",1,0,2
"3833","38","9L",1,0,3
"3834","38","9N",1,0,3
"3835","38","9V",2,0,5
"3856","39","7F",1,0,2
"3865","4","42",3,0,5
"3867","4","45",1,0,4
"3872","4","5",2,0,7
"3873","4","6A",9,9,36
"3874","4","6B",11,10,39
"3875","4","6C/D",7,5,25
"3876","4","6E",4,0,8
"3877","4","6F",1,0,3
"3878","4","6G",1,0,2
"3879","4","7A",1,0,4
"3880","4","7B/C",3,0,9
"3881","4","7F",5,0,11
"3882","4","8",3,0,11
"3883","4","9A",1,0,4.02499999999998
"3884","4","9L",3,0,7
"3885","4","9N",4,0,8
"3886","4","9V",8,1,12
"3892","40","46",1,0,0
"3896","40","5",1,0,1
"3898","40","6B",1,0,6.02499999999998
"3904","40","7B/C",1,0,2
"3963","42","6A",3,0,10
"3964","42","6B",3,0,10
"3965","42","6C/D",2,0,6
"3966","42","6E",1,0,2
"3967","42","6F",1,0,1
"3968","42","6G",1,0,1
"3970","42","7B/C",1,0,3
"3971","42","7F",2,0,3
"3972","42","8",1,0,3
"3973","42","9A",1,0,1
"3974","42","9L",1,0,2
"3975","42","9N",1,0,2
"3976","42","9V",3,0,3
"4002","45","6A",1,0,8
"4003","45","6B",1,0,7
"4004","45","6C/D",1,0,4
"4009","45","7B/C",1,0,2
"4010","45","7F",1,0,2
"4014","45","9N",1,0,2
"4015","45","9V",1,0,2
"4021","46","6B",1,0,5
"4038","47A","6B",1,0,3
"4044","47A","7B/C",1,0,1
"4082","5","6A",3,0,14
"4083","5","6B",2,0.975000000000001,13
"4084","5","6C/D",1,0,9
"4085","5","6E",1,0,3
"4089","5","7B/C",1,0,4
"4096","6A","6B",44,32,81
"4097","6A","6C/D",33,15,49
"4098","6A","6E",10,1,17
"4099","6A","6F",2,0,5
"4100","6A","6G",1,0,3
"4101","6A","7A",1,0,8
"4102","6A","7B/C",5,1,17.025
"4103","6A","7F",7,2,22
"4104","6A","8",5,3,23
"4105","6A","9A",3,0,9
"4106","6A","9L",3,0,13
"4107","6A","9N",3,1,16.025
"4108","6A","9V",10,4,27
"4109","6B","6C/D",29,16,48
"4110","6B","6E",13,1,16
"4111","6B","6F",2,0,6
"4112","6B","6G",1,0,4
"4113","6B","7A",1,0,8
"4114","6B","7B/C",6,1,17
"4115","6B","7F",7,2,22
"4116","6B","8",3,3,22
"4117","6B","9A",3,0,9
"4118","6B","9L",3,1,13
"4119","6B","9N",5,1,16
"4120","6B","9V",14,4,24
"4121","6C/D","6E",5,0,10
"4122","6C/D","6F",2,0,3
"4123","6C/D","6G",1,0,2
"4124","6C/D","7A",1,0,5
"4125","6C/D","7B/C",4,0,11
"4126","6C/D","7F",6,1,13
"4127","6C/D","8",4,1,13
"4128","6C/D","9A",2,0,6
"4129","6C/D","9L",3,0,9
"4130","6C/D","9N",3,0,10.025
"4131","6C/D","9V",8,2,15.025
"4132","6E","6F",1,0,1
"4133","6E","6G",1,0,1
"4135","6E","7B/C",1,0,4
"4136","6E","7F",1,0,5
"4137","6E","8",1,0,5
"4138","6E","9A",2,0,2
"4139","6E","9L",1,0,3
"4140","6E","9N",1,0,4
"4141","6E","9V",3,0,5
"4142","6F","6G",1,0,0
"4144","6F","7B/C",1,0,1
"4145","6F","7F",2,0,2
"4146","6F","8",1,0,2
"4147","6F","9A",1,0,1
"4148","6F","9L",1,0,1
"4149","6F","9N",1,0,1
"4150","6F","9V",1,0,2
"4152","6G","7B/C",1,0,1
"4153","6G","7F",1,0,1
"4154","6G","8",1,0,1
"4155","6G","9A",1,0,1
"4156","6G","9L",1,0,1
"4157","6G","9N",1,0,1
"4158","6G","9V",1,0,1
"4160","7A","7F",4,0,3
"4161","7A","8",2,0,2
"4163","7A","9L",1,0,2
"4164","7A","9N",1,0,2
"4166","7B/C","7F",3,0,5
"4167","7B/C","8",1,0,6
"4168","7B/C","9A",2,0,2
"4169","7B/C","9L",1,0,3
"4170","7B/C","9N",2,0,4
"4171","7B/C","9V",4,0,6
"4172","7F","8",3,0,6
"4173","7F","9A",1,0,3
"4174","7F","9L",2,0,4
"4175","7F","9N",3,0,5
"4176","7F","9V",5,0,7
"4177","8","9A",1,0,3
"4178","8","9L",3,0,4
"4179","8","9N",2,0,5
"4180","8","9V",3,0,7
"4181","9A","9L",1,0,2
"4182","9A","9N",1,0,2
"4183","9A","9V",4,0,3
"4184","9L","9N",5,0,3
"4185","9L","9V",2,0,4
"4186","9N","9V",4,0,5
